--
-- PostgreSQL database dump
--

-- Dumped from database version 17.2
-- Dumped by pg_dump version 17.2

SET statement_timeout = 0;
SET lock_timeout = 0;
SET idle_in_transaction_session_timeout = 0;
SET transaction_timeout = 0;
SET client_encoding = 'UTF8';
SET standard_conforming_strings = on;
SELECT pg_catalog.set_config('search_path', '', false);
SET check_function_bodies = false;
SET xmloption = content;
SET client_min_messages = warning;
SET row_security = off;

SET default_tablespace = '';

SET default_table_access_method = heap;

--
-- Name: auth_group; Type: TABLE; Schema: public; Owner: postgres
--

CREATE TABLE public.auth_group (
    id integer NOT NULL,
    name character varying(150) NOT NULL
);


ALTER TABLE public.auth_group OWNER TO postgres;

--
-- Name: auth_group_id_seq; Type: SEQUENCE; Schema: public; Owner: postgres
--

ALTER TABLE public.auth_group ALTER COLUMN id ADD GENERATED BY DEFAULT AS IDENTITY (
    SEQUENCE NAME public.auth_group_id_seq
    START WITH 1
    INCREMENT BY 1
    NO MINVALUE
    NO MAXVALUE
    CACHE 1
);


--
-- Name: auth_group_permissions; Type: TABLE; Schema: public; Owner: postgres
--

CREATE TABLE public.auth_group_permissions (
    id bigint NOT NULL,
    group_id integer NOT NULL,
    permission_id integer NOT NULL
);


ALTER TABLE public.auth_group_permissions OWNER TO postgres;

--
-- Name: auth_group_permissions_id_seq; Type: SEQUENCE; Schema: public; Owner: postgres
--

ALTER TABLE public.auth_group_permissions ALTER COLUMN id ADD GENERATED BY DEFAULT AS IDENTITY (
    SEQUENCE NAME public.auth_group_permissions_id_seq
    START WITH 1
    INCREMENT BY 1
    NO MINVALUE
    NO MAXVALUE
    CACHE 1
);


--
-- Name: auth_permission; Type: TABLE; Schema: public; Owner: postgres
--

CREATE TABLE public.auth_permission (
    id integer NOT NULL,
    name character varying(255) NOT NULL,
    content_type_id integer NOT NULL,
    codename character varying(100) NOT NULL
);


ALTER TABLE public.auth_permission OWNER TO postgres;

--
-- Name: auth_permission_id_seq; Type: SEQUENCE; Schema: public; Owner: postgres
--

ALTER TABLE public.auth_permission ALTER COLUMN id ADD GENERATED BY DEFAULT AS IDENTITY (
    SEQUENCE NAME public.auth_permission_id_seq
    START WITH 1
    INCREMENT BY 1
    NO MINVALUE
    NO MAXVALUE
    CACHE 1
);


--
-- Name: auth_user; Type: TABLE; Schema: public; Owner: postgres
--

CREATE TABLE public.auth_user (
    id integer NOT NULL,
    password character varying(128) NOT NULL,
    last_login timestamp with time zone,
    is_superuser boolean NOT NULL,
    username character varying(150) NOT NULL,
    first_name character varying(150) NOT NULL,
    last_name character varying(150) NOT NULL,
    email character varying(254) NOT NULL,
    is_staff boolean NOT NULL,
    is_active boolean NOT NULL,
    date_joined timestamp with time zone NOT NULL
);


ALTER TABLE public.auth_user OWNER TO postgres;

--
-- Name: auth_user_groups; Type: TABLE; Schema: public; Owner: postgres
--

CREATE TABLE public.auth_user_groups (
    id bigint NOT NULL,
    user_id integer NOT NULL,
    group_id integer NOT NULL
);


ALTER TABLE public.auth_user_groups OWNER TO postgres;

--
-- Name: auth_user_groups_id_seq; Type: SEQUENCE; Schema: public; Owner: postgres
--

ALTER TABLE public.auth_user_groups ALTER COLUMN id ADD GENERATED BY DEFAULT AS IDENTITY (
    SEQUENCE NAME public.auth_user_groups_id_seq
    START WITH 1
    INCREMENT BY 1
    NO MINVALUE
    NO MAXVALUE
    CACHE 1
);


--
-- Name: auth_user_id_seq; Type: SEQUENCE; Schema: public; Owner: postgres
--

ALTER TABLE public.auth_user ALTER COLUMN id ADD GENERATED BY DEFAULT AS IDENTITY (
    SEQUENCE NAME public.auth_user_id_seq
    START WITH 1
    INCREMENT BY 1
    NO MINVALUE
    NO MAXVALUE
    CACHE 1
);


--
-- Name: auth_user_user_permissions; Type: TABLE; Schema: public; Owner: postgres
--

CREATE TABLE public.auth_user_user_permissions (
    id bigint NOT NULL,
    user_id integer NOT NULL,
    permission_id integer NOT NULL
);


ALTER TABLE public.auth_user_user_permissions OWNER TO postgres;

--
-- Name: auth_user_user_permissions_id_seq; Type: SEQUENCE; Schema: public; Owner: postgres
--

ALTER TABLE public.auth_user_user_permissions ALTER COLUMN id ADD GENERATED BY DEFAULT AS IDENTITY (
    SEQUENCE NAME public.auth_user_user_permissions_id_seq
    START WITH 1
    INCREMENT BY 1
    NO MINVALUE
    NO MAXVALUE
    CACHE 1
);


--
-- Name: biblija_novizavetglave; Type: TABLE; Schema: public; Owner: postgres
--

CREATE TABLE public.biblija_novizavetglave (
    id bigint NOT NULL,
    slug character varying(50),
    name character varying(120),
    knjiga_id bigint NOT NULL
);


ALTER TABLE public.biblija_novizavetglave OWNER TO postgres;

--
-- Name: biblija_novizavetglave_id_seq; Type: SEQUENCE; Schema: public; Owner: postgres
--

ALTER TABLE public.biblija_novizavetglave ALTER COLUMN id ADD GENERATED BY DEFAULT AS IDENTITY (
    SEQUENCE NAME public.biblija_novizavetglave_id_seq
    START WITH 1
    INCREMENT BY 1
    NO MINVALUE
    NO MAXVALUE
    CACHE 1
);


--
-- Name: biblija_novizavetknjige; Type: TABLE; Schema: public; Owner: postgres
--

CREATE TABLE public.biblija_novizavetknjige (
    id bigint NOT NULL,
    name character varying(255) NOT NULL,
    broj_glava integer,
    slug character varying(50)
);


ALTER TABLE public.biblija_novizavetknjige OWNER TO postgres;

--
-- Name: biblija_novizavetknjige_id_seq; Type: SEQUENCE; Schema: public; Owner: postgres
--

ALTER TABLE public.biblija_novizavetknjige ALTER COLUMN id ADD GENERATED BY DEFAULT AS IDENTITY (
    SEQUENCE NAME public.biblija_novizavetknjige_id_seq
    START WITH 1
    INCREMENT BY 1
    NO MINVALUE
    NO MAXVALUE
    CACHE 1
);


--
-- Name: biblija_novizavettext; Type: TABLE; Schema: public; Owner: postgres
--

CREATE TABLE public.biblija_novizavettext (
    id bigint NOT NULL,
    content text,
    slug character varying(50),
    glava_id bigint NOT NULL,
    audio character varying(100) NOT NULL
);


ALTER TABLE public.biblija_novizavettext OWNER TO postgres;

--
-- Name: biblija_novizavettext_id_seq; Type: SEQUENCE; Schema: public; Owner: postgres
--

ALTER TABLE public.biblija_novizavettext ALTER COLUMN id ADD GENERATED BY DEFAULT AS IDENTITY (
    SEQUENCE NAME public.biblija_novizavettext_id_seq
    START WITH 1
    INCREMENT BY 1
    NO MINVALUE
    NO MAXVALUE
    CACHE 1
);


--
-- Name: biblija_starizavetglave; Type: TABLE; Schema: public; Owner: postgres
--

CREATE TABLE public.biblija_starizavetglave (
    id bigint NOT NULL,
    knjiga_id bigint NOT NULL,
    slug character varying(50),
    name character varying(120)
);


ALTER TABLE public.biblija_starizavetglave OWNER TO postgres;

--
-- Name: biblija_starizavetglave_id_seq; Type: SEQUENCE; Schema: public; Owner: postgres
--

ALTER TABLE public.biblija_starizavetglave ALTER COLUMN id ADD GENERATED BY DEFAULT AS IDENTITY (
    SEQUENCE NAME public.biblija_starizavetglave_id_seq
    START WITH 1
    INCREMENT BY 1
    NO MINVALUE
    NO MAXVALUE
    CACHE 1
);


--
-- Name: biblija_starizavetknjige; Type: TABLE; Schema: public; Owner: postgres
--

CREATE TABLE public.biblija_starizavetknjige (
    id bigint NOT NULL,
    name character varying(255) NOT NULL,
    broj_glava integer,
    slug character varying(50)
);


ALTER TABLE public.biblija_starizavetknjige OWNER TO postgres;

--
-- Name: biblija_starizavetknjige_id_seq; Type: SEQUENCE; Schema: public; Owner: postgres
--

ALTER TABLE public.biblija_starizavetknjige ALTER COLUMN id ADD GENERATED BY DEFAULT AS IDENTITY (
    SEQUENCE NAME public.biblija_starizavetknjige_id_seq
    START WITH 1
    INCREMENT BY 1
    NO MINVALUE
    NO MAXVALUE
    CACHE 1
);


--
-- Name: biblija_starizavettext; Type: TABLE; Schema: public; Owner: postgres
--

CREATE TABLE public.biblija_starizavettext (
    id bigint NOT NULL,
    glava_id bigint NOT NULL,
    slug character varying(50),
    content text,
    audio character varying(100) NOT NULL
);


ALTER TABLE public.biblija_starizavettext OWNER TO postgres;

--
-- Name: biblija_starizavettext_id_seq; Type: SEQUENCE; Schema: public; Owner: postgres
--

ALTER TABLE public.biblija_starizavettext ALTER COLUMN id ADD GENERATED BY DEFAULT AS IDENTITY (
    SEQUENCE NAME public.biblija_starizavettext_id_seq
    START WITH 1
    INCREMENT BY 1
    NO MINVALUE
    NO MAXVALUE
    CACHE 1
);


--
-- Name: blog_sluzbapost; Type: TABLE; Schema: public; Owner: postgres
--

CREATE TABLE public.blog_sluzbapost (
    id bigint NOT NULL,
    title character varying(120),
    content text,
    slug character varying(50),
    user_id integer,
    publish_date date,
    "timestamp" timestamp with time zone NOT NULL,
    updated timestamp with time zone NOT NULL,
    audio character varying(100) NOT NULL,
    glava character varying(120),
    tema character varying(120),
    folder_id bigint
);


ALTER TABLE public.blog_sluzbapost OWNER TO postgres;

--
-- Name: blog_blogpost_id_seq; Type: SEQUENCE; Schema: public; Owner: postgres
--

ALTER TABLE public.blog_sluzbapost ALTER COLUMN id ADD GENERATED BY DEFAULT AS IDENTITY (
    SEQUENCE NAME public.blog_blogpost_id_seq
    START WITH 1
    INCREMENT BY 1
    NO MINVALUE
    NO MAXVALUE
    CACHE 1
);


--
-- Name: blog_folder; Type: TABLE; Schema: public; Owner: postgres
--

CREATE TABLE public.blog_folder (
    id bigint NOT NULL,
    name character varying(255) NOT NULL,
    slug character varying(50),
    language character varying(120)
);


ALTER TABLE public.blog_folder OWNER TO postgres;

--
-- Name: blog_folder_id_seq; Type: SEQUENCE; Schema: public; Owner: postgres
--

ALTER TABLE public.blog_folder ALTER COLUMN id ADD GENERATED BY DEFAULT AS IDENTITY (
    SEQUENCE NAME public.blog_folder_id_seq
    START WITH 1
    INCREMENT BY 1
    NO MINVALUE
    NO MAXVALUE
    CACHE 1
);


--
-- Name: blog_foldersluzbe; Type: TABLE; Schema: public; Owner: postgres
--

CREATE TABLE public.blog_foldersluzbe (
    id bigint NOT NULL,
    name character varying(255) NOT NULL,
    slug character varying(50)
);


ALTER TABLE public.blog_foldersluzbe OWNER TO postgres;

--
-- Name: blog_foldersluzbe_id_seq; Type: SEQUENCE; Schema: public; Owner: postgres
--

ALTER TABLE public.blog_foldersluzbe ALTER COLUMN id ADD GENERATED BY DEFAULT AS IDENTITY (
    SEQUENCE NAME public.blog_foldersluzbe_id_seq
    START WITH 1
    INCREMENT BY 1
    NO MINVALUE
    NO MAXVALUE
    CACHE 1
);


--
-- Name: blog_pojanjapost; Type: TABLE; Schema: public; Owner: postgres
--

CREATE TABLE public.blog_pojanjapost (
    id bigint NOT NULL,
    audio character varying(100) NOT NULL,
    title character varying(120),
    album character varying(120),
    user_id integer,
    artist character varying(120),
    folder_id bigint
);


ALTER TABLE public.blog_pojanjapost OWNER TO postgres;

--
-- Name: blog_pojanjapost_id_seq; Type: SEQUENCE; Schema: public; Owner: postgres
--

ALTER TABLE public.blog_pojanjapost ALTER COLUMN id ADD GENERATED BY DEFAULT AS IDENTITY (
    SEQUENCE NAME public.blog_pojanjapost_id_seq
    START WITH 1
    INCREMENT BY 1
    NO MINVALUE
    NO MAXVALUE
    CACHE 1
);


--
-- Name: django_admin_log; Type: TABLE; Schema: public; Owner: postgres
--

CREATE TABLE public.django_admin_log (
    id integer NOT NULL,
    action_time timestamp with time zone NOT NULL,
    object_id text,
    object_repr character varying(200) NOT NULL,
    action_flag smallint NOT NULL,
    change_message text NOT NULL,
    content_type_id integer,
    user_id integer NOT NULL,
    CONSTRAINT django_admin_log_action_flag_check CHECK ((action_flag >= 0))
);


ALTER TABLE public.django_admin_log OWNER TO postgres;

--
-- Name: django_admin_log_id_seq; Type: SEQUENCE; Schema: public; Owner: postgres
--

ALTER TABLE public.django_admin_log ALTER COLUMN id ADD GENERATED BY DEFAULT AS IDENTITY (
    SEQUENCE NAME public.django_admin_log_id_seq
    START WITH 1
    INCREMENT BY 1
    NO MINVALUE
    NO MAXVALUE
    CACHE 1
);


--
-- Name: django_content_type; Type: TABLE; Schema: public; Owner: postgres
--

CREATE TABLE public.django_content_type (
    id integer NOT NULL,
    app_label character varying(100) NOT NULL,
    model character varying(100) NOT NULL
);


ALTER TABLE public.django_content_type OWNER TO postgres;

--
-- Name: django_content_type_id_seq; Type: SEQUENCE; Schema: public; Owner: postgres
--

ALTER TABLE public.django_content_type ALTER COLUMN id ADD GENERATED BY DEFAULT AS IDENTITY (
    SEQUENCE NAME public.django_content_type_id_seq
    START WITH 1
    INCREMENT BY 1
    NO MINVALUE
    NO MAXVALUE
    CACHE 1
);


--
-- Name: django_migrations; Type: TABLE; Schema: public; Owner: postgres
--

CREATE TABLE public.django_migrations (
    id bigint NOT NULL,
    app character varying(255) NOT NULL,
    name character varying(255) NOT NULL,
    applied timestamp with time zone NOT NULL
);


ALTER TABLE public.django_migrations OWNER TO postgres;

--
-- Name: django_migrations_id_seq; Type: SEQUENCE; Schema: public; Owner: postgres
--

ALTER TABLE public.django_migrations ALTER COLUMN id ADD GENERATED BY DEFAULT AS IDENTITY (
    SEQUENCE NAME public.django_migrations_id_seq
    START WITH 1
    INCREMENT BY 1
    NO MINVALUE
    NO MAXVALUE
    CACHE 1
);


--
-- Name: django_session; Type: TABLE; Schema: public; Owner: postgres
--

CREATE TABLE public.django_session (
    session_key character varying(40) NOT NULL,
    session_data text NOT NULL,
    expire_date timestamp with time zone NOT NULL
);


ALTER TABLE public.django_session OWNER TO postgres;

--
-- Name: knjige_knjiga; Type: TABLE; Schema: public; Owner: postgres
--

CREATE TABLE public.knjige_knjiga (
    id bigint NOT NULL,
    knjiga character varying(100) NOT NULL,
    title character varying(120),
    slug character varying(50),
    opis text,
    where_to_buy_link character varying(120),
    broj_telefona_porudzbine character varying(140),
    kontakt_za_porudzbine character varying(140)
);


ALTER TABLE public.knjige_knjiga OWNER TO postgres;

--
-- Name: knjige_knjiga_id_seq; Type: SEQUENCE; Schema: public; Owner: postgres
--

ALTER TABLE public.knjige_knjiga ALTER COLUMN id ADD GENERATED BY DEFAULT AS IDENTITY (
    SEQUENCE NAME public.knjige_knjiga_id_seq
    START WITH 1
    INCREMENT BY 1
    NO MINVALUE
    NO MAXVALUE
    CACHE 1
);


--
-- Name: mape_mesto; Type: TABLE; Schema: public; Owner: postgres
--

CREATE TABLE public.mape_mesto (
    id bigint NOT NULL,
    mesto character varying(120),
    adresa character varying(120),
    fotografija character varying(100),
    opis text,
    attenders integer,
    lat double precision,
    lon double precision,
    status character varying(120)
);


ALTER TABLE public.mape_mesto OWNER TO postgres;

--
-- Name: mape_mesto_id_seq; Type: SEQUENCE; Schema: public; Owner: postgres
--

ALTER TABLE public.mape_mesto ALTER COLUMN id ADD GENERATED BY DEFAULT AS IDENTITY (
    SEQUENCE NAME public.mape_mesto_id_seq
    START WITH 1
    INCREMENT BY 1
    NO MINVALUE
    NO MAXVALUE
    CACHE 1
);


--
-- Name: pojanice_listapojanja; Type: TABLE; Schema: public; Owner: postgres
--

CREATE TABLE public.pojanice_listapojanja (
    id bigint NOT NULL,
    broj character varying(255),
    slug character varying(50),
    folder_id bigint
);


ALTER TABLE public.pojanice_listapojanja OWNER TO postgres;

--
-- Name: pojanice_listapojanja_id_seq; Type: SEQUENCE; Schema: public; Owner: postgres
--

ALTER TABLE public.pojanice_listapojanja ALTER COLUMN id ADD GENERATED BY DEFAULT AS IDENTITY (
    SEQUENCE NAME public.pojanice_listapojanja_id_seq
    START WITH 1
    INCREMENT BY 1
    NO MINVALUE
    NO MAXVALUE
    CACHE 1
);


--
-- Name: pojanice_pojanica; Type: TABLE; Schema: public; Owner: postgres
--

CREATE TABLE public.pojanice_pojanica (
    id bigint NOT NULL,
    name character varying(255) NOT NULL,
    slug character varying(50),
    godina_izdanja character varying(255)
);


ALTER TABLE public.pojanice_pojanica OWNER TO postgres;

--
-- Name: pojanice_pojanica_id_seq; Type: SEQUENCE; Schema: public; Owner: postgres
--

ALTER TABLE public.pojanice_pojanica ALTER COLUMN id ADD GENERATED BY DEFAULT AS IDENTITY (
    SEQUENCE NAME public.pojanice_pojanica_id_seq
    START WITH 1
    INCREMENT BY 1
    NO MINVALUE
    NO MAXVALUE
    CACHE 1
);


--
-- Name: pojanice_pojanje; Type: TABLE; Schema: public; Owner: postgres
--

CREATE TABLE public.pojanice_pojanje (
    id bigint NOT NULL,
    title character varying(255),
    broj character varying(255),
    slug character varying(50),
    file character varying(100) NOT NULL,
    pojanje_id bigint NOT NULL,
    audio character varying(100) NOT NULL,
    skracenica character varying(255)
);


ALTER TABLE public.pojanice_pojanje OWNER TO postgres;

--
-- Name: pojanice_pojanje_id_seq; Type: SEQUENCE; Schema: public; Owner: postgres
--

ALTER TABLE public.pojanice_pojanje ALTER COLUMN id ADD GENERATED BY DEFAULT AS IDENTITY (
    SEQUENCE NAME public.pojanice_pojanje_id_seq
    START WITH 1
    INCREMENT BY 1
    NO MINVALUE
    NO MAXVALUE
    CACHE 1
);


--
-- Name: pojanice_starapojanica; Type: TABLE; Schema: public; Owner: postgres
--

CREATE TABLE public.pojanice_starapojanica (
    id bigint NOT NULL,
    title character varying(255),
    slug character varying(50),
    file character varying(100) NOT NULL,
    pojanje_id bigint NOT NULL
);


ALTER TABLE public.pojanice_starapojanica OWNER TO postgres;

--
-- Name: pojanice_starapojanica_id_seq; Type: SEQUENCE; Schema: public; Owner: postgres
--

ALTER TABLE public.pojanice_starapojanica ALTER COLUMN id ADD GENERATED BY DEFAULT AS IDENTITY (
    SEQUENCE NAME public.pojanice_starapojanica_id_seq
    START WITH 1
    INCREMENT BY 1
    NO MINVALUE
    NO MAXVALUE
    CACHE 1
);


--
-- Name: pojanice_starapojanicafolder; Type: TABLE; Schema: public; Owner: postgres
--

CREATE TABLE public.pojanice_starapojanicafolder (
    id bigint NOT NULL,
    name character varying(255) NOT NULL,
    slug character varying(50),
    izdanje character varying(255),
    godina_izdanja character varying(255),
    jezik character varying(255)
);


ALTER TABLE public.pojanice_starapojanicafolder OWNER TO postgres;

--
-- Name: pojanice_starapojanicafolder_id_seq; Type: SEQUENCE; Schema: public; Owner: postgres
--

ALTER TABLE public.pojanice_starapojanicafolder ALTER COLUMN id ADD GENERATED BY DEFAULT AS IDENTITY (
    SEQUENCE NAME public.pojanice_starapojanicafolder_id_seq
    START WITH 1
    INCREMENT BY 1
    NO MINVALUE
    NO MAXVALUE
    CACHE 1
);


--
-- Name: searches_searchquery; Type: TABLE; Schema: public; Owner: postgres
--

CREATE TABLE public.searches_searchquery (
    id bigint NOT NULL,
    query character varying(220) NOT NULL,
    "timestamp" timestamp with time zone NOT NULL,
    user_id integer
);


ALTER TABLE public.searches_searchquery OWNER TO postgres;

--
-- Name: searches_searchquery_id_seq; Type: SEQUENCE; Schema: public; Owner: postgres
--

ALTER TABLE public.searches_searchquery ALTER COLUMN id ADD GENERATED BY DEFAULT AS IDENTITY (
    SEQUENCE NAME public.searches_searchquery_id_seq
    START WITH 1
    INCREMENT BY 1
    NO MINVALUE
    NO MAXVALUE
    CACHE 1
);


--
-- Data for Name: auth_group; Type: TABLE DATA; Schema: public; Owner: postgres
--

COPY public.auth_group (id, name) FROM stdin;
\.


--
-- Data for Name: auth_group_permissions; Type: TABLE DATA; Schema: public; Owner: postgres
--

COPY public.auth_group_permissions (id, group_id, permission_id) FROM stdin;
\.


--
-- Data for Name: auth_permission; Type: TABLE DATA; Schema: public; Owner: postgres
--

COPY public.auth_permission (id, name, content_type_id, codename) FROM stdin;
1	Can add log entry	1	add_logentry
2	Can change log entry	1	change_logentry
3	Can delete log entry	1	delete_logentry
4	Can view log entry	1	view_logentry
5	Can add permission	2	add_permission
6	Can change permission	2	change_permission
7	Can delete permission	2	delete_permission
8	Can view permission	2	view_permission
9	Can add group	3	add_group
10	Can change group	3	change_group
11	Can delete group	3	delete_group
12	Can view group	3	view_group
13	Can add user	4	add_user
14	Can change user	4	change_user
15	Can delete user	4	delete_user
16	Can view user	4	view_user
17	Can add content type	5	add_contenttype
18	Can change content type	5	change_contenttype
19	Can delete content type	5	delete_contenttype
20	Can view content type	5	view_contenttype
21	Can add session	6	add_session
22	Can change session	6	change_session
23	Can delete session	6	delete_session
24	Can view session	6	view_session
25	Can add blog post	7	add_blogpost
26	Can change blog post	7	change_blogpost
27	Can delete blog post	7	delete_blogpost
28	Can view blog post	7	view_blogpost
29	Can add search query	8	add_searchquery
30	Can change search query	8	change_searchquery
31	Can delete search query	8	delete_searchquery
32	Can view search query	8	view_searchquery
33	Can add pojanja post	9	add_pojanjapost
34	Can change pojanja post	9	change_pojanjapost
35	Can delete pojanja post	9	delete_pojanjapost
36	Can view pojanja post	9	view_pojanjapost
37	Can add folder	10	add_folder
38	Can change folder	10	change_folder
39	Can delete folder	10	delete_folder
40	Can view folder	10	view_folder
41	Can add folder sluzbe	11	add_foldersluzbe
42	Can change folder sluzbe	11	change_foldersluzbe
43	Can delete folder sluzbe	11	delete_foldersluzbe
44	Can view folder sluzbe	11	view_foldersluzbe
45	Can add stari zavet knjige	12	add_starizavetknjige
46	Can change stari zavet knjige	12	change_starizavetknjige
47	Can delete stari zavet knjige	12	delete_starizavetknjige
48	Can view stari zavet knjige	12	view_starizavetknjige
49	Can add stari zavet text	13	add_starizavettext
50	Can change stari zavet text	13	change_starizavettext
51	Can delete stari zavet text	13	delete_starizavettext
52	Can view stari zavet text	13	view_starizavettext
53	Can add stari zavet glave	14	add_starizavetglave
54	Can change stari zavet glave	14	change_starizavetglave
55	Can delete stari zavet glave	14	delete_starizavetglave
56	Can view stari zavet glave	14	view_starizavetglave
57	Can add novi zavet knjige	15	add_novizavetknjige
58	Can change novi zavet knjige	15	change_novizavetknjige
59	Can delete novi zavet knjige	15	delete_novizavetknjige
60	Can view novi zavet knjige	15	view_novizavetknjige
61	Can add novi zavet text	16	add_novizavettext
62	Can change novi zavet text	16	change_novizavettext
63	Can delete novi zavet text	16	delete_novizavettext
64	Can view novi zavet text	16	view_novizavettext
65	Can add novi zavet glave	17	add_novizavetglave
66	Can change novi zavet glave	17	change_novizavetglave
67	Can delete novi zavet glave	17	delete_novizavetglave
68	Can view novi zavet glave	17	view_novizavetglave
69	Can add knjiga	18	add_knjiga
70	Can change knjiga	18	change_knjiga
71	Can delete knjiga	18	delete_knjiga
72	Can view knjiga	18	view_knjiga
73	Can add lista pojanja	19	add_listapojanja
74	Can change lista pojanja	19	change_listapojanja
75	Can delete lista pojanja	19	delete_listapojanja
76	Can view lista pojanja	19	view_listapojanja
77	Can add pojanje	20	add_pojanje
78	Can change pojanje	20	change_pojanje
79	Can delete pojanje	20	delete_pojanje
80	Can view pojanje	20	view_pojanje
81	Can add pojanica	21	add_pojanica
82	Can change pojanica	21	change_pojanica
83	Can delete pojanica	21	delete_pojanica
84	Can view pojanica	21	view_pojanica
85	Can add sluzba post	7	add_sluzbapost
86	Can change sluzba post	7	change_sluzbapost
87	Can delete sluzba post	7	delete_sluzbapost
88	Can view sluzba post	7	view_sluzbapost
89	Can add stara pojanica folder	22	add_starapojanicafolder
90	Can change stara pojanica folder	22	change_starapojanicafolder
91	Can delete stara pojanica folder	22	delete_starapojanicafolder
92	Can view stara pojanica folder	22	view_starapojanicafolder
93	Can add stara pojanica	23	add_starapojanica
94	Can change stara pojanica	23	change_starapojanica
95	Can delete stara pojanica	23	delete_starapojanica
96	Can view stara pojanica	23	view_starapojanica
97	Can add mesto	24	add_mesto
98	Can change mesto	24	change_mesto
99	Can delete mesto	24	delete_mesto
100	Can view mesto	24	view_mesto
\.


--
-- Data for Name: auth_user; Type: TABLE DATA; Schema: public; Owner: postgres
--

COPY public.auth_user (id, password, last_login, is_superuser, username, first_name, last_name, email, is_staff, is_active, date_joined) FROM stdin;
6	pbkdf2_sha256$870000$OGcNAb6kRsQmGvZTbiAIcD$1ha0Wi2NElWKA2l9i5oK0G9Dsdoyf4jV2lypN7BkV2o=	2024-08-28 15:59:29+02	f	nazareni				f	t	2024-08-28 15:56:25+02
1	pbkdf2_sha256$870000$pHRytZza2eBDMipuh4Wrnu$nNLUy8C7G3d6WccIzvwGbLVFgihERAC7v4g3JZl6u4Y=	2025-01-22 16:49:11.38326+01	t	Administrator				t	t	2024-07-27 17:16:44+02
\.


--
-- Data for Name: auth_user_groups; Type: TABLE DATA; Schema: public; Owner: postgres
--

COPY public.auth_user_groups (id, user_id, group_id) FROM stdin;
\.


--
-- Data for Name: auth_user_user_permissions; Type: TABLE DATA; Schema: public; Owner: postgres
--

COPY public.auth_user_user_permissions (id, user_id, permission_id) FROM stdin;
\.


--
-- Data for Name: biblija_novizavetglave; Type: TABLE DATA; Schema: public; Owner: postgres
--

COPY public.biblija_novizavetglave (id, slug, name, knjiga_id) FROM stdin;
1	1	1.	1
2	1-1	01.	27
3	2	02.	27
4	3	03.	27
5	4	04.	27
6	5	05.	27
7	6	06.	27
9	7	07.	27
10	8	08.	27
11	9	09.	27
12	10	10.	27
13	11	11.	27
14	12	12.	27
15	13	13.	27
16	14	14.	27
17	15	15.	27
18	16	16.	27
19	17	17.	27
20	18	18.	27
21	19	19.	27
22	20	20.	27
23	21	21.	27
24	22	22.	27
\.


--
-- Data for Name: biblija_novizavetknjige; Type: TABLE DATA; Schema: public; Owner: postgres
--

COPY public.biblija_novizavetknjige (id, name, broj_glava, slug) FROM stdin;
1	Matej	28	sveto-jevanelje-po-mateju
2	Marko	\N	marko
3	Luka	\N	luka
4	Jovan	\N	jovan
5	Dela apostolska	\N	dela-apostolska
6	Rimljanima	\N	rimljanima
7	1. Korin─çanima	\N	1-korincanima
8	2. Korin─çanima	\N	2-korincanima
9	Galatima	\N	galatima
10	Efescima	\N	efescima
11	Filipljanima	\N	filipljanima
12	Kolo┼íanima	\N	kolosanima
13	1. Solunjanima	\N	1-solunjanima
14	2. Solunjanima	\N	2-solunjanima
15	1. Timoteju	\N	1-timoteju
16	2. Timoteju	\N	2-timoteju
17	Titu	\N	titu
18	Filimonu	\N	filimonu
19	Jevrejima	\N	jevrejima
20	Jakovljeva	\N	jakovljeva
21	1. Petrova	\N	1-petrova
22	2. Petrova	\N	2-petrova
23	1. Jovanova	\N	1-jovanova
24	2. Jovanova	\N	2-jovanova
25	3. Jovanova	\N	3-jovanova
26	Judina	\N	judina
27	Otkrivenje	22	otkrivenje
\.


--
-- Data for Name: biblija_novizavettext; Type: TABLE DATA; Schema: public; Owner: postgres
--

COPY public.biblija_novizavettext (id, content, slug, glava_id, audio) FROM stdin;
1	1  Pleme Isusa Hrista, sina Davida Avramova sina.\r\n2  Avram rodi Isaka. A Isak rodi Jakova. A Jakov rodi Judu i bra─çu njegovu.\r\n3  A Juda rodi Farmsa i Zaru s Tamarom. A Farms rodi Esroma. A Esrom rodi Arama.\r\n4  A Aram rodi Aminadava. A Aminadav rodi Naasona. A Naason rodi Salmona.\r\n5  A Salmon rodi Vooza s Rahavom. A Vooz rodi Ovida s Rutom. A Ovid rodi Jeseja.\r\n6  A Jesej rodi Davida cara. A David car rodi Solomuna s Urijnicom.\r\n7  A Solomun rodi Rovoama. A Rovoam rodi Aviju. A Avija rodi Asu.\r\n8  A Asa rodi Josafata. A Josafat rodi Jorama. A Joram rodi Oziju.\r\n9  A Ozija rodi Joatama. A Joatam rodi Ahaza. A Ahaz rodi Ezekiju.\r\n10  A Ezekija rodi Manasiju. A Manasija rodi Amona. A Amon rodi Josiju.\r\n11  A Josija rodi Jehoniju i bra─çu njegovu, u seobi Vavilonskoj.\r\n12  A po seobi Vavilonskoj, Jehonija rodi Salatiila. A Salatiilo rodi Zorovavela.\r\n13  A Zorovavel rodi Aviuda. A Aviud rodi Eliakima, A Eliakim rodi Azora.\r\n14  A Azor rodi Sadoka. A Sadok rodi Ahima. A Ahim rodi Eliuda.\r\n15  A Eliud rodi Eleazara. A Eleazar rodi Matana. A Matan rodi Jakova.\r\n16  A Jakov rodi Josifa, mu┼╛a Mariju, koja rodi Isusa, prozvanoga Hrista.\r\n17  Svega dakle koljena od Avrama do Davida, koljena ─ìetrnaest, a od Davida do seobe Vavilonske, koljena ─ìetrnaest, a od seobe Vavilonske do Hrista, koljena ─ìetrnaest.\r\n18  A ro─æenje Isusa Hrista bilo je ovako: kad je Marija, mati njegova, bila ispro┼íena za Josifa, a jo┼í dok se nijesu bili sastali, na─æe se da je ona trudna od Duha svetoga.\r\n19  A Josif mu┼╛ njezin, budu─çi pobo┼╛an, i ne hote─çi je javno sramotiti, namisli je tajno pustiti.\r\n20  No kad on tako pomisli, a to mu se javi u snu an─æeo Gospodnji, govore─çi: Josife, sine Davidov! ne boj se uzeti Marije ┼╛ene svoje; jer ono ┼íto se u njoj zametnulo od Duha je svetoga.\r\n21  Pa ─çe roditi sina, i na─æeni mu ime Isus; jer ─çe on izbaviti svoj narod od grijeha njihovijeh.\r\n22  A ovo je sve bilo da se izvr┼íi ┼íto je Gospod kazao preko proroka koji govori:\r\n23  Eto, djevojka ─çe zatrudnjeti, i rodi─çe sina, i nadjenu─çe mu ime Emanuilo, koje ─çe re─çi: s nama Bog,\r\n24  Kad se Josif probudi od sna, u─ìini kao ┼íto mu je zapovjedio an─æeo Gospodnji, i uzme ┼╛enu svoju.\r\n25  I ne znadija┼íe za nju dok ne rodi sina svojega prvenca, i nadjede mu ime Isus.	1	1	audio/citanje/01-Prva_glava_Otkrivenja_Jovana_Bogoslova.mp3
2	1  Otkrivenje Isusa Hrista, koje dade njemu Bog, da poka┼╛e slugama svojima ┼íta ─çe skoro biti, i pokaza, poslav┼íi po an─æelu svojemu sluzi svojemu Jovanu,\r\n2  Koji svjedo─ìi rije─ì Bo┼╛iju i svjedo─ìanstvo Isusa Hrista, i ┼ítagod vidje.\r\n3  Blago onome koji ─ìita i onima koji slu┼íaju rije─ìi proro┼ítva, i dr┼╛e ┼íto je napisano u njemu; jer je vrijeme blizu.\r\n4  Od Jovana na sedam crkava koje su u Aziji: blagodat vam i mir od onoga koji jest, i koji bje┼íe, i koji ─çe do─çi; i od sedam duhova koji su pred prijestolom njegovijem;\r\n5  I od Isusa Hrista, koji je svjedok vjerni, i prvenac iz mrtvijeh, i knez nad carevima zemaljskima, koji nas ljubi, i umi nas od grijeha na┼íijeh krvlju svojom;\r\n6  I u─ìini nas careve, i sve┼ítenike Bogu i ocu svojemu; tome slava i dr┼╛ava va vijek vijeka. Amin.\r\n7  Eno, ide s oblacima, i ugleda─çe ga svako oko, i koji ga probodo┼íe; i zaplaka─çe za njim sva koljena zemaljska. Da, zaista.\r\n8  Ja sam alfa i omega, po─ìetak i svr┼íetak, govori Gospod, koji jest, i koji bje┼íe, i koji ─çe do─çi, svedr┼╛itelj.\r\n9  Ja Jovan, koji sam i brat va┼í i drug u nevolji i u carstvu i trpljenju Isusa Hrista, bijah na ostrvu koje se zove Patam, za rije─ì Bo┼╛iju i za svjedo─ìanstvo Isusa Hrista.\r\n10  Bijah u duhu u dan nedjeljni, i ─ìuh za sobom glas veliki kao trube koja govora┼íe: Ja sam alfa i omega, prvi i po┼íljednji;\r\n11  I: ┼áto vidi┼í napi┼íi u knjigu, i po┼ílji crkvama koje su u Aziji: u Efes, i u Smirnu, i u Pergam, i u Tijatir, i u Sard, i u Filadelfiju, i u Laodikiju.\r\n12  I obazreh se da vidim glas koji govora┼íe sa mnom; i obazrev┼íi se vidjeh sedam svijetnjaka zlatnijeh,\r\n13  I usred sedam svijetnjaka kao sina ─ìovje─ìijega, obu─ìena u duga─ìku haljinu, i opasana po prsima pojasom zlatnijem.\r\n14  A glava njegova i kosa bija┼íe bijela kao bijela vuna, kao snijeg; i o─ìi njegove kao plamen ognjeni;\r\n15  I noge njegove kao mjed kad se rastopi u pe─çi; i glas njegov kao huka voda mnogajeh;\r\n16  I dr┼╛a┼íe u svojoj desnoj ruci sedam zvijezda, i iz usta njegovijeh izla┼╛a┼íe ma─ì o┼ítar s obje strane, i lice njegovo bija┼íe kao ┼íto sunce sija u sili svojoj.\r\n17  I kad ga vidjeh, padoh k nogama njegovijem kao mrtav, i metnu desnicu svoju na me govore─çi mi: Ne boj se, ja sam prvi i po┼íljednji,\r\n18  I ┼╛ivi; i bijah mrtav i evo sam ┼╛iv va vijek vijeka, amin. I imam klju─ìeve od pakla i od smrti.\r\n19  Napi┼íi dakle ┼íta si vidio, i ┼íta je, i ┼íta ─çe biti po tom;\r\n20  Tajna sedam zvijezda koje si vidio na desnici mojoj, i sedam svijetnjaka zlatnijeh; sedam zvijezda jesu an─æeli sedam crkava; i sedam svijetnjaka koje si vidio, jesu sedam crkava.	01	2	audio/citanje/01-Prva_glava_Otkrivenja_Jovana_Bogoslova_p79a6Fa.mp3
3	1 An─æelu Efeske crkve napi┼íi: tako govori onaj ┼íto dr┼╛i sedam zvijezda u desnici svojoj, i ┼íto hodi posred sedam svijetnjaka zlatnijeh:\r\n2  Znam tvoja djela, i trud tvoj, i trpljenje tvoje, i da ne mo┼╛e┼í snositi zlijeh, i isku┼íao si one koji govore da su apostoli a nijesu, i na┼íao si ih la┼╛ne;\r\n3  I podnio si mnogo, i trpljenje ima┼í, i za ime moje trudio si se, i nijesi sustao.\r\n4  No imam na tebe, ┼íto si ljubav svoju prvu ostavio.\r\n5  Opomeni se dakle otkuda si spao, i pokaj se, i prva djela ─ìini; ako li ne, do─çi ─çu ti skoro, i dignu─çu svijetnjak tvoj s mjesta njegova, ako se ne pokaje┼í.\r\n6  No ovo ima┼í ┼íto mrzi┼í na djela Nikolinaca, na koja i ja mrzim.\r\n7  Ko ima uho neka ─ìuje ┼íta govori Duh crkvama: koji pobijedi da─çu mu da jede od drveta ┼╛ivotnoga koje je nasred raja Bo┼╛ijega.\r\n8  I an─æelu crkve Smiranske napi┼íi: tako govori prvi i po┼íljednji, koji bje┼íe mrtav, i evo je ┼╛iv:\r\n9  Znam tvoja djela, i nevolju i siroma┼ítvo (ali si bogat), i hule onijeh koji govore da su ─îivuti a nijesu, nego zbornica sotonina.\r\n10  Ne boj se ni oda ┼íta ┼íto ─çe┼í postradati. Gle, ─æavo ─çe neke od vas metati u tamnicu, da se isku┼íate, i ima─çete nevolju do deset dana. Budi vjeran do same smrti, i da─çu ti vijenac ┼╛ivota.\r\n11  Ko ima uho da ─ìuje neka ─ìuje ┼íta govori Duh crkvama: koji pobijedi ne ─çe mu nauditi druga smrt.\r\n12  I an─æelu Pergamske crkve napi┼íi: tako govori onaj ┼íto ima ma─ì o┼ítar s obje strane:\r\n13  Znam djela tvoja, i gdje ┼╛ivi┼í, gdje je prijesto sotonin; i dr┼╛i┼í ime moje, i nijesi se odrekao vjere moje i u one dane u koje je Antipa, vjerni svjedok moj, ubijen kod vas, gdje ┼╛ivi sotona.\r\n14  No imam na tebe malo, ┼íto ima┼í tu koji dr┼╛e nauku Valaama, koji u─ìa┼íe Valaka da polo┼╛i sablazan pred sinovima Izrailjevima, da jedu ┼╛rtve idolske, i da se kurvaju.\r\n15  Tako ima┼í i ti koji dr┼╛e nauku Nikolinaca, na koju ja mrzim.\r\n16  Pokaj se dakle; ako li ne, do─çi ─çu ti skoro, i vojeva─çu s njima ma─ìem usta svojijeh.\r\n17  Ko ima uho da ─ìuje neka ─ìuje ┼íta govori Duh crkvama: koji pobijedi da─çu mu da jede od mane sakrivene, i da─çu mu kamen bijel, i na kamenu novo ime napisano, kojega niko ne zna osim onoga koji primi.\r\n18  I an─æelu Tijatirske crkve napi┼íi: tako govori sin Bo┼╛ij, koji ima o─ìi svoje kao plamen ognjeni, i noge njegove kao mjed:\r\n19  Znam tvoja djela, i ljubav, i slu┼╛bu, i vjeru, i trpljenje tvoje, i djela tvoja, i da po┼íljednjijeh ima vi┼íe od prvijeh;\r\n20  No imam na tebe malo, ┼íto dopu┼íta┼í ┼╛eni Jezaveli, koja govori da je proro─ìica, da u─ìi i da vara sluge moje da ─ìine preljubu i da jedu ┼╛rtvu idolsku.\r\n21  I dadoh joj vrijeme da se pokaje od kurvarstva svojega, i ne pokaja se.\r\n22  Evo je ja me─çem na odar, i one koji ─ìine preljubu s njom u nevolju veliku, ako se ne pokaju od svojijeh djela.\r\n23  I djecu njezinu pobi─çu na mjesto; i pozna─çe sve crkve da sam ja koji ispitujem srca i bubrege, i da─çu vam svakome po djelima va┼íima:\r\n24  A vama govorim i ostalima koji su u Tijatiru koji nemaju nauke ove, i koji ne poznaju dubina sotoninijeh (kao ┼íto govore): ne ─çu metnuti na vas drugoga bremena,\r\n25  Osim koje imate, dr┼╛ite dokle do─æem.\r\n26  I koji pobijedi i odr┼╛i djela moja do kraja, da─çu mu vlast nad neznabo┼ícima;\r\n27  I pa┼í─çe ih s gvozdenom palicom, i oni ─çe se razdrobiti kao sudovi lon─ìarski; kao i ja ┼íto primih od oca svojega;\r\n28  I da─çu mu zvijezdu danicu.\r\n29  Ko ima uho da ─ìuje neka ─ìuje ┼íta govori Duh crkvama.	02	3	audio/citanje/02-Druga_glava_Otkrivenja_Jovana_Bogoslova.wav
4	1 I an─æelu Sardske crkve napi┼íi: tako govori onaj ┼íto ima sedam Duhova Bo┼╛ijih, i sedam zvijezda: znam tvoja djela, da ima┼í ime da si ┼╛iv, a mrtav si.\r\n2  Stra┼╛i, i utvr─æuj ostale koji ho─çe da pomru; jer ne na─æoh tvojijeh djela savr┼íenijeh pred Bogom svojijem.\r\n3  Opominji se dakle, kako si primio i kako si ─ìuo, i dr┼╛i i pokaj se. Ako li ne uzastra┼╛i┼í, do─çi ─çu na tebe kao lupe┼╛, i ne ─çe┼í ─ìuti u koji ─çu ─ìas do─çi na tebe.\r\n4  Ali ima┼í malo imena i u Sardu, koji ne opogani┼íe svojijeh haljina, i hodi─çe sa mnom u bijelima, jer su dostojni.\r\n5  Koji pobijedi on ─çe se obu─çi u haljine bijele, i ne ─çu izbrisati imena njegova iz knjige ┼╛ivota, i prizna─çu ime njegovo pred ocem svojijem i pred an─æelima njegovima.\r\n6  Ko ima uho neka ─ìuje ┼íta govori Duh crkvama.\r\n7  I an─æelu Filadelfijske crkve napi┼íi: tako govori sveti istiniti, koji ima klju─ì Davidov, koji otvori i niko ne zatvori, koji zatvori i niko ne otvori.\r\n8  Znam tvoja djela; gle, dadoh pred tobom vrata otvorena, i niko ih ne mo┼╛e zatvoriti; jer ima┼í malo sile, i dr┼╛ao si moju rije─ì, i nijesi se odrekao imena mojega.\r\n9  Evo dajem one iz zbornice sotonine koji govore da su ─îivuti a nijesu, nego la┼╛u; evo ─çu ih u─ìiniti da do─æu i da se poklone pred nogama tvojima, i da poznadu da te ja ljubim.\r\n10  Jer si odr┼╛ao rije─ì trpljenja mojega, i ja ─çu tebe sa─ìuvati od ─ìasa isku┼íenja, koji ─çe do─çi na sav vasioni svijet da isku┼ía one koji ┼╛ive na zemlji.\r\n11  Evo ─çu do─çi brzo: dr┼╛i ┼íto ima┼í, da niko ne uzme vijenca tvojega.\r\n12  Koji pobijedi u─ìini─çu ga stub u crkvi Boga svojega, i vi┼íe ne ─çe izi─çi na polje; i napisa─çu na njemu ime Boga svojega, i ime novoga Jerusalima, grada Boga mojega, koji silazi s neba od Boga mojega, i ime moje novo.\r\n13  Ko ima uho neka ─ìuje ┼íta govori Duh crkvama.\r\n14  I an─æelu Laodikijske crkve napi┼íi: tako govori Amin, svjedok vjerni i istiniti, po─ìetak stvorenja Bo┼╛ijega:\r\n15  Znam tvoja djela da nijesi ni studen ni vru─ç. O da si studen ili vru─ç!\r\n16  Tako, budu─çi mlak, i nijesi ni studen ni vru─ç, izbljuva─çu te iz usta svojijeh.\r\n17  Jer govori┼í: bogat sam, i obogatio sam se, i ni┼íta ne potrebujem; a ne zna┼í da si ti nesre─çan, i nevoljan, i siromah, i slijep, i go.\r\n18  Svjetujem te da kupi┼í u mene zlata ┼╛e┼╛enoga u ognju, da se obogati┼í; i bijele haljine, da se obu─ìe┼í, i da se ne poka┼╛e sramota golotinje tvoje; i masti o─ìinjom poma┼╛i o─ìi svoje da vidi┼í.\r\n19  Ja koje god ljubim one i karam i pou─ìavam: postaraj se dakle, i pokaj se.\r\n20  Evo stojim na vratima i kucam: ako ko ─ìuje glas moj i otvori vrata, u─çi ─çu k njemu i ve─ìera─çu s njime, i on sa mnom.\r\n21  Koji pobijedi da─çu mu da sjede sa mnom na prijestolu mojemu, kao i ja ┼íto pobijedih i sjedoh s ocem svojijem na prijestolu njegovu.\r\n22  Ko ima uho neka ─ìuje ┼íta govori Duh crkvama.	03	4	audio/citanje/03-Tre─ça_glava_Otkrivenja_Jovana_Bogoslova.wav
5	1 Po tom vidjeh: i gle, vrata otvorena na nebu, i glas prvi koji ─ìuh kao trubu gdje govori sa mnom, re─ìe: Popni se amo, i pokaza─çu ti ┼íta ─çe biti za ovijem.\r\n2  I odmah bih u Duhu; i gle, prijesto staja┼íe na nebu, i na prijestolu sje─æa┼íe neko.\r\n3  I onaj ┼íto sje─æa┼íe bija┼íe po vi─æenju kao kamen jaspis i sard; i oko prijestola bje┼íe duga po vi─æenju kao smaragd.\r\n4  I oko prijestola bijahu dvadeset i ─ìetiri prijestola; i na prijestolima vidjeh dvadeset i ─ìetiri starje┼íine gdje sjede, obu─ìene u bijele haljine, i imahu krune zlatne na glavama svojima.\r\n5  I od prijestola izla┼╛ahu munje i gromovi i glasovi; i sedam ┼╛i┼╛aka ognjenijeh gorahu pred prijestolom, koje su sedam duhova Bo┼╛ijih.\r\n6  I pred prijestolom bija┼íe stakleno more, kao kristal; i nasred prijestola i oko prijestola ─ìetiri ┼╛ivotinje pune o─ìiju sprijed i sastrag.\r\n7  I prva ┼╛ivotinja bje┼íe kao lav, i druga ┼╛ivotinja kao tele, i tre─ça ┼╛ivotinja ima┼íe lice kao ─ìovjek, i ─ìetvrta ┼╛ivotinja bje┼íe kao orao kad leti.\r\n8  I svaka od ─ìetiri ┼╛ivotinje ima┼íe po ┼íest krila naokolo, i unutra puna o─ìiju, i mira ne imaju dan i no─ç govore─çi: Svet, svet, svet Gospod Bog svedr┼╛itelj, koji bje┼íe, i koji jest, i koji ─çe do─çi.\r\n9  I kad da┼íe ┼╛ivotinje slavu i ─ìast i hvalu onome ┼íto sje─æa┼íe na prijestolu, ┼íto ┼╛ivi va vijek vijeka,\r\n10  Pado┼íe dvadeset i ─ìetiri starje┼íine pred onijem ┼íto sje─æa┼íe na prijestolu, i pokloni┼íe se onome ┼íto ┼╛ivi va vijek vijeka, i metnu┼íe krune svoje pred prijestolom govore─çi:\r\n11  Dostojan si, Gospode, da primi┼í slavu i ─ìast i silu; jer si ti sazdao sve, i po volji tvojoj jest i stvoreno je.	04	5	audio/citanje/04-─îetvrta_glava_Otkrivenja_Jovana_Bogoslova.wav
6	1  I vidjeh u desnici onoga ┼íto sje─æa┼íe na prijestolu knjigu napisanu iznutra i spolja, zape─ìa─çenu sa sedam pe─ìata.\r\n2  I vidjeh an─æela jaka gdje propovijeda glasom velikijem: Ko je dostojan da otvori knjigu, i da razlomi pe─ìate njezine?\r\n3  I niko ne moga┼íe ni na nebu, ni na zemlji, ni pod zemljom da otvori knjige, ni da zagleda u nju.\r\n4  I ja plakah mnogo, ┼íto se niko ne na─æe dostojan da otvori i da pro─ìita knjigu, niti da zagleda u nju.\r\n5  I jedan od starje┼íina re─ìe mi: Ne pla─ìi, evo je nadvladao lav, koji je od koljena Judina, korijen Davidov, da otvori knjigu i razlomi sedam pe─ìata njezinijeh.\r\n6  I vidjeh, i gle, nasred prijestola i ─ìetiri ┼╛ivotinje, i posred starje┼íina jagnje staja┼íe kao zaklano, i ima┼íe sedam rogova, i sedam o─ìiju, koje su sedam duhova Bo┼╛ijih poslanijeh po svemu svijetu.\r\n7  I do─æe i uze knjigu iz desnice onoga ┼íto sje─æa┼íe na prijestolu.\r\n8  I kad uze knjigu, ─ìetiri ┼╛ivotinje i dvadeset i ─ìetiri starje┼íine pado┼íe pred jagnjetom, imaju─çi svaki gusle, i zlatne ─ìa┼íe pune tamjana, koje su molitve svetijeh.\r\n9  I pjevahu pjesmu novu govore─çi: Dostojan si da uzme┼í knjigu, i da otvori┼í pe─ìate njezine; jer si se zaklao, i iskupio si nas Bogu krvlju svojom od svakoga koljena i jezika i naroda i plemena,\r\n10  I u─ìinio si nas Bogu na┼íemu careve i sve┼ítenike, i carova─çemo na zemlji.\r\n11  I vidjeh, i ─ìuh glas an─æela mnogijeh oko prijestola i ┼╛ivotinja i starje┼íina, i bje┼íe broj njihov hiljade hiljada,\r\n12  Govore─çi glasom velikijem: Dostojno je jagnje zaklano da primi silu i bogastvo i premudrost i ja─ìinu i ─ìast i slavu i blagoslov.\r\n13  I svako stvorenje, ┼íto je na nebu, i na zemlji, i pod zemljom, i ┼íto je na moru, i ┼íto je u njima, sve ─ìuh gdje govore: Onome ┼íto sjedi na prijestolu, i jagnjetu blagoslov i ─ìast i slava i dr┼╛ava va vijek vijeka.\r\n14  I ─ìetiri ┼╛ivotinje govorahu: Amin. I dvadeset i ─ìetiri starje┼íine pado┼íe i pokloni┼íe se onome ┼íto ┼╛ivi va vijek vijeka.	05	6	audio/citanje/05-Peta_Glava_Otkrivenja_Jovana_Bogoslova.wav
7	1 I vidjeh kad otvori jagnje jedan od sedam pe─ìata, i ─ìuh jednu od ─ìetiri ┼╛ivotinje gdje govori kao glas gromovni: Do─æi i vi─æi.\r\n2  I vidjeh, i gle, konj bijel, i onaj ┼íto sje─æa┼íe na njemu imadija┼íe strijelu; i njemu se dade vijenac, i izi─æe pobje─æuju─çi, i da pobijedi.\r\n3  I kad otvori drugi pe─ìat, ─ìuh drugu ┼╛ivotinju gdje govori: Do─æi i vi─æi.\r\n4  I izi─æe drugi konj ri─æ, i onome ┼íto sje─æa┼íe na njemu dade se da uzme mir sa zemlje, i da ubija jedan drugoga, i dade mu se ma─ì veliki.\r\n5  I kad otvori tre─çi pe─ìat, ─ìuh tre─çu ┼╛ivotinju gdje govori: Do─æi i vi─æi. I vidjeh, i gle, konj vran, i onaj ┼íto sje─æa┼íe na njemu ima┼íe mjerila u ruci svojoj.\r\n6  I ─ìuh glas izme─æu ─ìetiri ┼╛ivotinje gdje govori: Oka p┼íenice za gro┼í, i tri oke je─ìma za gro┼í; a ulja i vina ne ─çe ni biti.\r\n7  I kad otvori ─ìetvrti pe─ìat, ─ìuh glas ─ìetvrte ┼╛ivotinje gdje govori: Do─æi i vi─æi.\r\n8  I vidjeh, i gle, konj blijed, i onome ┼íto sje─æa┼íe na njemu bje┼íe ime smrt, i pakao i─æa┼íe za njim; i njemu se dade oblast na ─ìetvrtom dijelu zemlje da ubije ma─ìem i gla─æu i smr─çu i zvjerinjem zemaljskijem.\r\n9  I kad otvori peti pe─ìat, vidjeh pod oltarom du┼íe pobijenijeh za rije─ì Bo┼╛iju i za svjedo─ìanstvo koje imahu.\r\n10  I povika┼íe glasom velikijem govore─çi: Dokle, gospodaru sveti i istiniti! ne sudi┼í i ne kaje┼í krvi na┼íe na onima ┼íto ┼╛ive na zemlji?\r\n11  I dane bi┼íe svakome od njih haljine bijele, i re─ìeno im bi da po─ìinu jo┼í malo vremena, dokle se navr┼íe i drugari njihovi i bra─ça njihova, koji valja da budu pobijeni kao i oni.\r\n12  I vidjeh kad otvori ┼íesti pe─ìat, i gle, zatrese se zemlja vrlo, i sunce posta crno kao vre─ça od kostrijeti, i mjesec posta kao krv;\r\n13  I zvijezde nebeske pado┼íe na zemlju kao ┼íto smokva odbacuje pupke svoje kad je veliki vjetar zaljulja.\r\n14  I nebo se izma─ìe kao knjiga kad se savije, i svaka gora i ostrvo s mjesta svojijeh pokrenu┼íe se.\r\n15  I carevi zemaljski, i boljari, i bogati, i vojvode, i silni, i svaki rob, i svaki slobodnjak, sakri┼íe se po pe─çinama i po kamenjacima gorskijem;\r\n16  I govori┼íe gorama i kamenju: Padnite na nas, i sakrijte nas od lica onoga ┼íto sjedi na prijestolu, i od gnjeva jagnjetova.\r\n17  Jer do─æe veliki dan gnjeva njegova, i ko mo┼╛e ostati?	06	7	audio/citanje/06-┼áesta_glava_Otkrivenja_Jovana_Bogoslova.wav
8	1 I po tom vidjeh ─ìetiri an─æela gdje stoje na ─ìetiri ugla zemlje, i dr┼╛e ─ìetiri vjetra zemaljska, da ne du┼íe vjetar na zemlju, ni na more, niti na i kako drvo.\r\n2  I vidjeh drugoga an─æela gdje se penje od istoka sun─ìanoga, koji ima┼íe pe─ìat Boga ┼╛ivoga; i povika glasom velikijem na ─ìetiri an─æela kojima bje┼íe dano da kvare zemlju i more, govore─çi:\r\n3  Ne kvarite ni zemlje, ni mora, ni drveta, dokle zape─ìatim sluge Boga na┼íega na ─ìelima njihovima.\r\n4  I ─ìuh broj zape─ìa─çenijeh, sto i ─ìetrdeset i ─ìetiri hiljade zape─ìa─çenijeh od sviju koljena sinova Izrailjevijeh;\r\n5  Od koljena Judina dvanaest hiljada zape─ìa─çenijeh; od koljena Ruvimova dvanaest hiljada zape─ìa─çenijeh; od koljena Gadova dvanaest hiljada zape─ìa─çenijeh;\r\n6  Od koljena Asirova dvanaest hiljada zape─ìa─çenijeh; od koljena Neftalimova dvanaest hiljada zape─ìa─çenijeh; od koljena Manasijna dvanaest hiljada zape─ìa─çenijeh;\r\n7  Od koljena Simeunova dvanaest hiljada zape─ìa─çenijeh; od koljena Levijeva dvanaest hiljada zape─ìa─çenijeh; od koljena Isaharova dvanaest hiljada zape─ìa─çenijeh;\r\n8  Od koljena Zavulonova dvanaest hiljada zape─ìa─çenijeh; od koljena Josifova dvanaest hiljada zape─ìa─çenijeh; od koljena Venijaminova dvanaest hiljada zape─ìa─çenijeh.\r\n9  Po tom vidjeh, i gle, narod mnogi, kojega ne mo┼╛e niko izbrojiti, od svakoga jezika i koljena i naroda i plemena, staja┼íe pred prijestolom i pred jagnjetom, obu─ìen u haljine bijele, i palme u rukama njihovima.\r\n10  I povika┼íe glasom velikijem govore─çi: Spasenije Bogu na┼íemu, koji sjedi na prijestolu, i jagnjetu.\r\n11  I svi an─æeli stajahu oko prijestola i starje┼íina i ─ìetiri ┼╛ivotinje, i pado┼íe na lice pred prijestolom, i pokloni┼íe se Bogu,\r\n12  Govore─çi: Amin, blagoslov i slava i premudrost i hvala i ─ìast i sila i ja─ìina Bogu na┼íemu va vijek vijeka Amin.\r\n13  I odgovori jedan od starje┼íina govore─çi mi: Ovi obu─ìeni u bijele haljine ko su, i otkuda do─æo┼íe?\r\n14  I rekoh mu: Gospodaru! ti zna┼í. I re─ìe mi: Ovo su koji do─æo┼íe od nevolje velike, i opra┼íe haljine svoje i ubijeli┼íe haljine svoje u krvi jagnjetovoj.\r\n15  Za to su pred prijestolom Bo┼╛ijim, i slu┼╛e mu dan i no─ç u crkvi njegovoj; i onaj ┼íto sjedi na prijestolu useli─çe se u njih.\r\n16  Vi┼íe ne ─çe ogladnjeti ni o┼╛ednjeti, i ne ─çe na njih pasti sunce, niti i kakva vru─çina.\r\n17  Jer jagnje, koje je nasred prijestola, pa┼í─çe ih, i uputi─çe ih na izvore ┼╛ive vode; i Bog ─çe otrti svaku suzu od o─ìiju njihovijeh.	07	9	audio/citanje/07-Sedma_Glava_Otkrivenja_Jovana_Bogoslova.wav
9	1  I kad otvori sedmi pe─ìat, posta ti┼íina na nebu oko po sahata.\r\n2  I vidjeh sedam an─æela koji stajahu pred Bogom, i dade im se sedam truba.\r\n3  I drugi an─æeo do─æe, i stade pred oltarom, i ima┼íe kadionicu zlatnu; i bija┼íe mu dano mnogo tamjana da da molitvama sviju svetijeh na oltar zlatni pred prijestolom.\r\n4  I dim od ka─æenja u molitvama svetijeh izi─æe od ruke an─æelove pred Boga.\r\n5  I uze an─æeo kadionicu, i napuni je ognja s oltara, i baci je na zemlju, i posta┼íe glasovi i gromovi i sijevanje munja i tresenje zemlje.\r\n6  I sedam an─æela koji imahu sedam truba, pripravi┼íe se da zatrube.\r\n7  I prvi an─æeo zatrubi, i posta grad i oganj, smije┼íani s krvlju, i pado┼íe na zemlju; i tre─çina drva izgorje, i svaka trava zelena izgorje.\r\n8  I drugi an─æeo zatrubi, i kao velika gora ognjem zapaljena pade u more; i tre─çina mora posta krv.\r\n9  I umrije tre─çina stvorenja koje ┼╛ivi u moru, i tre─çina la─æi propade.\r\n10  I tre─çi an─æeo zatrubi, i pade s neba velika zvijezda, koja gora┼íe kao svije─ça, i pade na tre─çinu rijeka i na izvore vodene.\r\n11  I ime zvijezdi bje┼íe Pelen; i tre─çina voda posta pelen, i mnogi ljudi pomrije┼íe od voda, jer bijahu grke.\r\n12  I ─ìetvrti an─æeo zatrubi, i udarena bi tre─çina sunca, i tre─çina mjeseca, i tre─çina zvijezda, da pomr─ìa tre─çina njihova, i tre─çina dana da ne svijetli, tako i no─çi.\r\n13  I vidjeh, i ─ìuh jednoga an─æela gdje leti posred neba i govori glasom velikijem: Te┼íko, te┼íko, te┼íko onima koji ┼╛ive na zemlji od ostalijeh glasova trubnijeh trojice an─æela, koji ─çe trubiti.	08	10	audio/citanje/08-Osma_Glava_Otkrivenja_Jovana_Bogoslova.wav
10	1 I peti an─æeo zatrubi, i vidjeh zvijezdu gdje pade s neba na zemlju, i dade joj se klju─ì od studenca bezdana;\r\n2  I otvori studenac bezdana, i izi─æe dim iz studenca kao dim velike pe─çi, i pocrnje sunce i nebo od dima studen─ìeva;\r\n3  I iz dima izi─æo┼íe skakavci na zemlju, i dade im se oblast, kao ┼íto i skorpije imaju oblast na zemlji.\r\n4  I re─ìe im se da ne ude travi zemaljskoj, niti i kakoj zeleni, niti i kaku drvetu, nego samo ljudima koji nemaju pe─ìata Bo┼╛ijega na ─ìelima svojima.\r\n5  I dade im se da ih ne ubijaju, nego da ih mu─ìe pet mjeseci; i mu─ìenje njihovo bija┼íe kao mu─ìenje skorpijno kad ujede ─ìovjeka;\r\n6  I u te dane tra┼╛i─çe ljudi smrt, i ne ─çe je na─çi; i ┼╛elje─çe da umru, i smrt ─çe od njih bje┼╛ati.\r\n7  I skakavci bijahu kao konji spremljeni na boj; i na glavama njihovima kao krune od zlata, i lica njihova kao lica ─ìovje─ìija.\r\n8  I imahu kose kao kose ┼╛enske, i zubi njihovi bijahu kao u lavova;\r\n9  I imahu oklope kao oklope gvozdene, i glas krila njihovijeh bija┼íe kao glas kola kad mnogi konji tr─ìe na boj;\r\n10  I imahu repove kao skorpijne, i ┼╛alci bijahu na repovima njihovima; i dana im bje┼íe oblast da ude ljudima pet mjeseci.\r\n11  I imahu nad sobom cara an─æela bezdana kojemu je ime ─îivutski Avadon, a Gr─ìki Apolion.\r\n12  Jedno zlo pro─æe, evo idu jo┼í dva zla za ovijem.\r\n13  I ┼íesti an─æeo zatrubi, i ─ìuh glas jedan od ─ìetiri roglja zlatnoga oltara, koji je pred Bogom,\r\n14  Gdje govori ┼íestome an─æelu koji ima┼íe trubu: Odrije┼íi ─ìetiri an─æela koji su svezani kod rijeke velike Eufrata.\r\n15  I bi┼íe odrije┼íena ─ìetiri an─æela koji bijahu pripravljeni na sahat, i dan, i mjesec, i godinu, da pobiju tre─çinu ljudi.\r\n16  I broj vojnika na konjma bija┼íe dvjesta hiljada hiljada; i ─ìuh broj njihov.\r\n17  I tako vidjeh u utvari konje, i one ┼íto sje─æahu na njima, koji imahu oklope ognjene i plavetne i sumporne; i glave konja njihovijeh bijahu kao glave lavova, i iz usta njihovijeh izla┼╛a┼íe oganj i dim i sumpor.\r\n18  I od ova tri zla pogibe tre─çina ljudi, od ognja i od dima i od sumpora ┼íto izla┼╛a┼íe iz usta njihovijeh.\r\n19  Jer sila konja bje┼íe u ustima njihovima, i u repovima njihovima; jer repovi njihovi bijahu kao zmije i imahu glave, i njima u─æahu.\r\n20  I ostali ljudi koji ne bi┼íe pobijeni zlima ovima, ne pokaja┼íe se od djela ruku svojijeh, da se ne poklanjaju ─æavolima, ni idolima zlatnima i srebrnima i mjedenima i kamenima i drvenima, koji ni mogu vidjeti, ni ─ìuti, ni hoditi;\r\n21  Niti se pokaja┼íe od ubistva svojijeh, ni od ─ìaranja svojijeh, ni od kurvarstva svojega, ni od kra─æa svojijeh.	09	11	audio/citanje/09-Deveta_Glava_Otkrivenja_Jovana_Bogoslova.wav
11	1 I vidjeh drugoga an─æela jaka gdje silazi s neba, koji bje┼íe obu─ìen u oblak, i duga bje┼íe na glavi njegovoj, i lice njegovo bje┼íe kao sunce, i noge njegove kao stubovi ognjeni;\r\n2  I ima┼íe u ruci svojoj knji┼╛icu otvorenu, i metnu nogu svoju desnu na more, a lijevu na zemlju.\r\n3  I povika glasom velikijem, kao lav kad ri─ìe; i kad on povika, govori┼íe sedam gromova glasove svoje.\r\n4  I kad govori┼íe sedam gromova glasove svoje, ┼í─çadijah da pi┼íem; i ─ìuh glas s neba koji mi govori: Zape─ìati ┼íta govori┼íe sedam gromova, i ovo ne pi┼íi.\r\n5  I an─æeo kojega vidjeh gdje stoji na moru i na zemlji, podi┼╛e ruku svoju k nebu,\r\n6  I zakle se onijem koji ┼╛ivi va vijek vijeka, koji sazda nebo i ┼íto je na njemu, i zemlju i ┼íto je na njoj, i more i ┼íto je u njemu, da vremena ve─ç ne ─çe biti;\r\n7  Nego u dane glasa sedmoga an─æela, kad zatrubi, onda ─çe se svr┼íiti tajna Bo┼╛ija, kao ┼íto javi svojijem slugama prorocima.\r\n8  I glas koji ─ìuh s neba, opet progovori sa mnom i re─ìe: Idi i uzmi knji┼╛icu otvorenu iz ruke onoga an─æela ┼íto stoji na moru i na zemlji.\r\n9  I otidoh k an─æelu, i rekoh mu: Daj mi knji┼╛icu. I re─ìe mi: Uzmi i izjedi je; i grka ─çe biti u trbuhu tvojemu, ali u ustima bi─çe ti slatka kao med.\r\n10  I uzeh knji┼╛icu iz ruke an─æelove, i izjedoh je; i bje┼íe u ustama mojima kao med slatka, a kad je izjedoh, bija┼íe grka u trbuhu mojemu.\r\n11  I re─ìe mi: Valja ti opet prorokovati narodima i plemenima i jezicima i carevima mnogima.	10	12	audio/citanje/10-Deseta__glava_Otkrivenja_Jovana_Bogoslova.wav
12	1 I dade mi se trska kao palica, govore─çi: Ustani i izmjeri crkvu Bo┼╛iju i oltar, i one ┼íto se klanjaju u njoj;\r\n2  A portu ┼íto je izvan crkve, izbaci na polje, niti je mjeri, jer je dana neznabo┼ícima; i grad sveti gazi─çe ─ìetrdeset i dva mjeseca.\r\n3  I da─çu dvojici svojijeh svjedoka, i prorica─çe hiljadu i dvjesta i ┼íezdeset dana obu─ìeni u vre─çe.\r\n4  Ovi su dvije masline i dva ┼╛i┼íka ┼íto stoje pred gospodarom zemaljskijem.\r\n5  I ako im ko nepravdu u─ìini, oganj izilazi iz usta njihovijeh, i poje┼í─çe neprijatelje njihove; i ko htjedbude da im u─ìini na ┼╛ao onaj valja da bude ubijen.\r\n6  I ovi ─çe imati vlast da zatvore nebo, da ne padne da┼╛d na zemlju u dane njihova proricanja; i ima─çe vlast nad vodama, da ih pretvaraju u krv, i da udare zemlju svakom mukom, kadgod htjedbudu.\r\n7  I kad svr┼íe svjedo─ìanstvo svoje, onda ─çe zvijer ┼íto izlazi iz bezdana u─ìiniti s njima rat, i pobijedi─çe ih i ubi─çe ih.\r\n8  I tjelesa njihova ostavi─çe na ulici grada velikoga, koji se duhovno zove Sodom i Misir, gdje i Gospod na┼í razapet bi.\r\n9  I gleda─çe neki od naroda i plemena i jezika i koljena tjelesa njihova tri dana i po, i ne ─çe dati da se njihova tjelesa metnu u grobove.\r\n10  I koji ┼╛ive na zemlji, obradova─çe se i razveseli─çe se za njih, i sla─çe dare jedan drugome, jer ova dva proroka mu─ìi┼íe one ┼íto ┼╛ive na zemlji.\r\n11  I poslije tri dana i po duh ┼╛ivota od Boga u─æe u njih; i sta┼íe oba na nogama svojima, i strah veliki napade na one koji ih gledahu.\r\n12  I ─ìu┼íe glas veliki s neba, koji im govori: Izi─æite amo. I izi─æo┼íe na nebo na oblacima, i vidje┼íe ih neprijatelji njihovi.\r\n13  I u taj ─ìas zatrese se zemlja vrlo, i deseti dijel grada pade, i tresenje zemlje pobi sedam hiljada imena ─ìovje─ìijih; i ostali se upla┼íi┼íe, i da┼íe slavu Bogu nebeskome.\r\n14  Zlo drugo pro─æe; evo zlo tre─çe ide brzo.\r\n15  I sedmi an─æeo zatrubi, i posta┼íe veliki glasovi na nebesima govore─çi: Posta carstvo svijeta Gospoda na┼íega i Hrista njegova, i carova─çe va vijek vijeka.\r\n16  I dvadeset i ─ìetiri starje┼íine koje sje─æahu pred Bogom na prijestolima svojima, pado┼íe na lica svoja i pokloni┼íe se Bogu.\r\n17  Govore─çi: Hvalimo te Gospode Bo┼╛e svedr┼╛itelju, koji jesi, i bje┼íe, i bi─çe┼í, ┼íto si primio silu svoju veliku, i caruje┼í.\r\n18  I neznabo┼íci se prognjevi┼íe, i do─æe gnjev tvoj i vrijeme mrtvima da se sudi, i da se da plata slugama tvojima, prorocima i svetima, i onima koji se boje imena tvojega, malima i velikima, i da se pogube oni koji zemlju pogubi┼íe.\r\n19  I otvori se crkva Bo┼╛ija na nebu, i pokaza se ─çivot zavjeta njegova u crkvi njegovoj; i bi┼íe sijevanja munja, i glasovi, i gromovi, i tresenje zemlje, i grad veliki.	11	13	audio/citanje/11-Jedanaista_Glava_Otkrivenja_Jovana_Bogoslova.wav
13	1 I znak veliki pokaza se na nebu: ┼╛ena obu─ìena u sunce, i mjesec pod nogama njezinijem, i na glavi njezinoj vijenac od dvanaest zvijezda.\r\n2  I bje┼íe trudna, i vika┼íe od muke, i mu─ìa┼íe se da rodi.\r\n3  I pokaza se drugi znak na nebu, i gle, velika crvena a┼╛daha, koja ima┼íe sedam glava, i deset rogova; i na glavama njezinijem sedam kruna;\r\n4  I rep njezin odvu─ìe tre─çinu zvijezda nebeskijeh, i baci ih na zemlju. I a┼╛daha staja┼íe pred ┼╛enom koja ┼í─ça┼íe da se porodi, da joj pro┼╛dere dijete kad rodi.\r\n5  I rodi mu┼íko, sina, koji ─çe pasti sve narode s palicom gvozdenom; i dijete njezino bi uzeto k Bogu i prijestolu njegovu.\r\n6  A ┼╛ena ute─ìe u pustinju gdje ima┼íe mjesto pripravljeno od Boga, da se onamo hrani hiljadu i dvjesta i ┼íezdeset dana.\r\n7  I posta rat na nebu. Mihailo i an─æeli njegovi udari┼íe na a┼╛dahu, i bi se a┼╛daha i an─æeli njezini.\r\n8  I ne nadvlada┼íe, i vi┼íe im se ne na─æe mjesta na nebu.\r\n9  I zba─ìena bi a┼╛daha velika, stara zmija, koja se zove ─æavo i sotona, koji vara sav vasioni svijet, i zba─ìena bi na zemlju, i an─æeli njezini zba─ìeni bi┼íe s njom.\r\n10  I ─ìuh glas veliki na nebu koji govori: Sad posta spasenije i sila i carstvo Boga na┼íega, i oblast Hrista njegova; jer se zbaci opada─ì bra─çe na┼íe, koji ih opada┼íe pred Bogom na┼íijem dan i no─ç.\r\n11  I oni ga pobijedi┼íe krvlju jagnjetovom i rije─ìju svjedo─ìanstva svojega, i ne mari┼íe za ┼╛ivot svoj do same smrti.\r\n12  Za to veselite se nebesa i vi koji ┼╛ivite na njima. Te┼íko vama koji ┼╛ivite na zemlji i moru, jer ─æavo si─æe k vama, i vrlo se rasrdio, znaju─çi da vremena malo ima.\r\n13  I kad vidje a┼╛daha da zba─ìena bi na zemlju, gonja┼íe ┼╛enu koja rodi mu┼íko.\r\n14  I ┼╛eni dana bi┼íe dva krila orla velikoga da leti u pustinju na svoje mjesto, gdje ─çe se hraniti vrijeme i vremena i po vremena, sakrivena od lica zmijina.\r\n15  I ispusti zmija za ┼╛enom iz usta svojijeh vodu kao rijeku, da je utopi u rijeci.\r\n16  I pomo┼╛e zemlja ┼╛eni, i otvori zemlja usta svoja, i pro┼╛drije rijeku koju ispusti zmija iz usta svojijeh.\r\n17  I razgnjevi se zmija na ┼╛enu, i otide da se pobije s ostalijem sjemenom njezinijem, koje dr┼╛i zapovijesti Bo┼╛ije i ima svjedo─ìanstvo Isusa Hrista.	12	14	audio/citanje/12-Dvanaesta_glava_Otkrivenja_Jovana_Bogoslova.WAV.wav
14	1 I stadoh na pijesku morskome; i vidjeh zvijer gdje izlazi iz mora, koja ima┼íe sedam glava, i rogova deset, i na rogovima njezinijem deset kruna, a na glavama njezinijem imena hulna.\r\n2  I zvijer koju vidjeh bija┼íe kao ris, i noge joj kao u medvjeda, i usta njezina kao usta lavova, i dade joj zmija silu svoju, i prijestol svoj, i oblast veliku.\r\n3  I vidjeh jednu od glava njezinijeh kao ranjenu na smrt, i rana smrti njezine izlije─ìi se. I ─ìudi se sva zemlja iza zvijeri, i pokloni┼íe se zmiji, koja dade oblast zvijeri.\r\n4  I pokloni┼íe se zvijeri govore─çi: Ko je kao zvijer? i ko mo┼╛e ratovati s njom?\r\n5  I dana joj bi┼íe usta koja govore velike stvari i huljenja, i dana joj bi oblast da ─ìini ─ìetrdeset i dva mjeseca.\r\n6  I otvori usta svoja za huljenje na Boga, da huli na ime njegovo, i na ku─çu njegovu, i na one koji ┼╛ive na nebu.\r\n7  I dano joj bi da se bije sa svetima, i da ih pobijedi; i dana joj bi oblast nad svakijem koljenom i narodom i jezikom i plemenom.\r\n8  I pokloni┼íe joj se svi koji ┼╛ive na zemlji kojima imena nijesu zapisana u ┼╛ivotnoj knjizi jagnjeta, koje je zaklano od postanja svijeta.\r\n9  Ako ko ima uho neka ─ìuje.\r\n10  Ko u ropstvo vodi, bi─çe u ropstvo odveden; ko no┼╛em ubije, valja da on no┼╛em bude ubijen. Ovdje je trpljenje i vjera svetijeh.\r\n11  I vidjeh drugu zvijer gdje izlazi iz zemlje, i ima┼íe dva roga kao u jagnjeta; i govora┼íe kao a┼╛daha.\r\n12  I svu vlast prve zvijeri ─ìinja┼íe pred njom; i u─ìini da zemlja i koji ┼╛ive na njoj pokloni se prvoj zvijeri kojoj se iscijeli rana smrtna.\r\n13  I u─ìini ─ìudesa velika, i u─ìini da i oganj silazi s neba na zemlju pred ljudima.\r\n14  I vara one koji ┼╛ive na zemlji znacima, koji joj bi┼íe dani da ─ìini pred zvijeri, govore─çi onima ┼íto ┼╛ive na zemlji da na─ìine ikonu zvijeri koja imade ranu smrtnu i osta ┼╛iva.\r\n15  I bi joj dano da dade duh ikoni zvijerinoj, da progovori ikona zvijerina, i da u─ìini da se pobiju koji se god ne poklone ikoni zvijerinoj.\r\n16  I u─ìini sve, male i velike, bogate i siroma┼íne, slobodnjake i robove, te im dade ┼╛ig na desnoj ruci njihovoj ili na ─ìelima njihovima,\r\n17  Da niko ne mo┼╛e ni kupiti ni prodati, osim ko ima ┼╛ig, ili ime zvijeri, ili broj imena njezina.\r\n18  Ovdje je mudrost. Ko ima um neka izra─ìuni broj zvijeri: jer je broj ─ìovjekov, i broj njezin ┼íest stotina i ┼íezdeset i ┼íest.	13	15	audio/citanje/13-Trinaesta_glava_Otkrivenja_Jovana_Bogoslova.WAV.wav
15	1 I vidjeh, i gle, jagnje staja┼íe na gori Sionskoj, i s njim sto i ─ìetrdeset i ─ìetiri hiljade, koji imahu ime oca njegova napisano na ─ìelima svojima.\r\n2  I ─ìuh glas s neba kao glas voda mnogijeh, i kao glas groma velikoga; i ─ìuh glas guda─ìa koji gu─æahu u gusle svoje.\r\n3  I pjevahu kao novu pjesnu pred prijestolom i pred ─ìetiri ┼╛ivotinje i pred starje┼íinama; i niko ne moga┼íe nau─ìiti pjesne, osim onijeh sto i ─ìetrdeset i ─ìetiri hiljade koji su otkupljeni sa zemlje.\r\n4  Ovo su koji se ne opogani┼íe sa ┼╛enama, jer su djevstvenici; oni idu za jagnjetom kudgod ono po─æe. Ovi su kupljeni od ljudi prvenci Bogu i jagnjetu.\r\n5  I u njihovijem ustima ne na─æe se prijevara, jer su bez mane pred prijestolom Bo┼╛ijim.\r\n6  I vidjeh drugoga an─æela gdje leti posred neba, koji ima┼íe vje─ìno jevan─æelije da objavi onima koji ┼╛ive na zemlji, i svakome plemenu i jeziku i koljenu i narodu,\r\n7  I govora┼íe velikijem glasom: Bojte se Boga, i podajte mu slavu, jer do─æe ─ìas suda njegova; i poklonite se onome koji je stvorio nebo i zemlju i more i izvore vodene.\r\n8  I drugi an─æeo za njim ide govore─çi: Pade, pade Vavilon grad veliki: jer otrovnijem vinom kurvarstva svojega napoji sve narode.\r\n9  I tre─çi an─æeo za njim ide govore─çi glasom velikijem: Ko se god pokloni zvijeri i ikoni njezinoj, i primi ┼╛ig na ─ìelo svoje ili na ruku svoju,\r\n10  I on ─çe piti od vina gnjeva Bo┼╛ijega, koje je nepomije┼íano uto─ìeno u ─ìa┼íu gnjeva njegova, i bi─çe mu─ìen ognjem i sumporom pred an─æelima svetima i pred jagnjetom.\r\n11  I dim mu─ìenja njihova izlazi─çe va vijek vijeka; i ne ─çe imati mira dan i no─ç koji se poklanjaju zvijeri i ikoni njezinoj, i koji primaju ┼╛ig imena njezina.\r\n12  Ovdje je trpljenje svetijeh, koji dr┼╛e zapovijesti Bo┼╛ije i vjeru Isusovu.\r\n13  I ─ìuh glas s neba gdje mi govori: Napi┼íi: blago mrtvima koji umiru u Gospodu od sad. Da, govori Duh, da po─ìinu od trudova svojijeh; jer djela njihova idu za njima.\r\n14  I vidjeh, i gle, oblak bijel, i na oblaku sje─æa┼íe kao sin ─ìovje─ìij, i ima┼íe na glavi svojoj krunu zlatnu, i u ruci svojoj srp o┼ítar.\r\n15  I drugi an─æeo izi─æe iz crkve vi─ìu─çi velikijem glasom onome ┼íto sjedi na oblaku: Zamahni srpom svojijem i ┼╛nji, jer do─æe vrijeme da se ┼╛nje, jer se osu┼íi ┼╛ito zemaljsko.\r\n16  I onaj ┼íto sje─æa┼íe na oblaku baci srp svoj na zemlju, i po┼╛njevena bi zemlja.\r\n17  I drugi an─æeo izi─æe iz crkve ┼íto je na nebu, i ima┼íe i on kosijer o┼ítar.\r\n18  I drugi an─æeo izi─æe iz oltara, koji ima┼íe oblast nad ognjem, i povika s velikom vikom onome koji ima┼íe kosijer o┼ítri, govore─çi: Zamahni kosijerom svojijem o┼ítrijem, i odre┼╛i gro┼╛─æe vinograda zemaljskoga; jer ve─ç sazre┼íe puca njegova.\r\n19  I baci an─æeo kosijer svoj na zemlju, i obra vinograd zemaljski, i metnu u kacu velikoga gnjeva Bo┼╛ijega.\r\n20  I oto─ìi se kaca izvan grada, i izi─æe krv iz kace tja do uzda konjma hiljadu i ┼íest stotina potrkali┼íta.	14	16	audio/citanje/14-─îetrnaesta_Glava_Otkrivenja_Jovana_Bogoslova.WAV.wav
16	1 I vidjeh drugi veliki znak na nebu i ─ìudo: sedam an─æela koji imahu sedam po┼íljednjijeh zala, jer se u njima savr┼íi gnjev Bo┼╛ij.\r\n2  I vidjeh kao stakleno more smije┼íano s ognjem, i one ┼íto pobijedi┼íe zvijer i ikonu njezinu, i ┼╛ig njezin, i broj imena njezina, gdje stoje na moru staklenome i imaju gusle Bo┼╛ije;\r\n3  I pjevaju pjesnu Mojsija sluge Bo┼╛ijega, i pjesnu jagnjetovu, govore─çi: Velika su i divna djela tvoja, Gospode Bo┼╛e svedr┼╛itelju, pravedni su i istiniti putovi tvoji, care svetijeh.\r\n4  Ko se ne ─çe pobojati tebe, Gospode, i proslaviti ime tvoje? Jer si ti jedan svet; jer ─çe svi neznabo┼íci do─çi i pokloniti se pred tobom; jer se tvoji sudovi javi┼íe.\r\n5  I poslije ovoga vidjeh, i gle, otvori se crkva skinije svjedo─ìanstva na nebu,\r\n6  I izi─æo┼íe sedam an─æela iz crkve, koji imahu sedam zala, obu─ìeni u ─ìiste i bijele haljine od platna, i opasani po prsima pojasima zlatnijem;\r\n7  I jedna od ─ìetiri ┼╛ivotinje dade sedmorici an─æela sedam ─ìa┼ía zlatnijeh napunjenijeh gnjeva Boga, koji ┼╛ivi va vijek vijeka.\r\n8  I napuni se crkva dima od slave Bo┼╛ije i od sile njegove; i niko ne moga┼íe do─çi u crkvu, dok se ne svr┼íi sedam zala sedmorice an─æela.	15	17	audio/citanje/15-Petnaesta_Glava_Otkrivenja_Jovana_Bogoslova.WAV.wav
17	1 I ─ìuh glas veliki iz crkve gdje govori sedmorici an─æela: Idite i izlijte sedam ─ìa┼ía gnjeva Bo┼╛ijega na zemlju.\r\n2  I otide prvi an─æeo, i izli ─ìa┼íu svoju na zemlju; i posta┼íe rane zle i ljute na ljudima koji imaju ┼╛ig zvijerin i koji se klanjaju ikoni njezinoj.\r\n3  I drugi an─æeo izli ─ìa┼íu svoju u more; i posta krv kao od mrtvaca, i svaka du┼ía ┼╛iva umrije u moru.\r\n4  I tre─çi an─æeo izli ─ìa┼íu svoju na rijeke i na izvore vodene; i posta krv.\r\n5  I ─ìuh an─æela vodenoga gdje govori: Pravedan si Gospode, koji jesi, i koji bje┼íe, i svet, ┼íto si ovo sudio;\r\n6  Jer proli┼íe krv svetijeh i proroka, i krv si im dao da piju, jer su zaslu┼╛ili.\r\n7  I ─ìuh drugoga iz oltara gdje govori: Da, Gospode Bo┼╛e svedr┼╛itelju, istiniti su i pravi sudovi tvoji.\r\n8  I ─ìetvrti an─æeo izli ─ìa┼íu svoju na sunce, i dano mu bi da ┼╛e┼╛e ljude ognjem.\r\n9  I opali┼íe se ljudi od velike vru─çine, i huli┼íe na ime Boga, koji ima oblast nad zlima ovima, i ne pokaja┼íe se da mu dadu slavu.\r\n10  I peti an─æeo izli ─ìa┼íu svoju na prijesto zvijerin; i carstvo njezino posta tamno, i ┼╛vatahu jezike svoje od bola.\r\n11  I huli┼íe na ime Boga nebeskoga od bola i od rana svojijeh, i ne pokaja┼íe se od djela svojijeh.\r\n12  I ┼íesti an─æeo izli ─ìa┼íu svoju na veliku rijeku Eufrat; i presahnu voda njezina, da se pripravi put carevima od istoka sun─ìanoga.\r\n13  I vidjeh iz usta a┼╛dahinijeh, i iz usta zvijerinijeh, i iz usta la┼╛noga proroka, gdje izi─æo┼íe tri ne─ìista duha, kao ┼╛abe.\r\n14  Jer su ovo duhovi ─æavolski, koji ─ìine ─ìudesa, i izlaze k carevima svega vasionoga svijeta da ih skupe na boj za onaj veliki dan Boga svedr┼╛itelja.\r\n15  Evo idem kao lupe┼╛; blago onome koji je budan i koji ─ìuva haljine svoje, da go ne hodi i da se ne vidi sramota njegova.\r\n16  I sabra ih na mjesto, koje se ─îivutski zove Armagedon.\r\n17  I sedmi an─æeo izli ─ìa┼íu svoju po nebu, i izi─æe glas veliki iz crkve nebeske od prijestola govore─çi: Svr┼íi se.\r\n18  I bi┼íe sijevanja munja i gromovi, i glasovi, i bi veliko tresenje zemlje, kakovo nikad ne bi od kako su ljudi na zemlji, toliko tresenje, tako veliko.\r\n19  I grad veliki razdijeli se na tri dijela, i gradovi neznabo┼╛a─ìki pado┼íe; i Vavilon veliki spomenu se pred Bogom da mu da ─ìa┼íu vina ljutoga gnjeva svojega.\r\n20  I sva ostrva pobjego┼íe, i gore se ne na─æo┼íe,\r\n21  I grad veliki kao glava pade s neba na ljude; i ljudi huli┼íe na Boga od zla gradnoga, jer je velika muka njegova vrlo.	16	18	audio/citanje/16-┼áesnaesta_Glava_Otkrivenja_Jovana_Bogoslova.WAV.wav
18	1 I do─æe jedan od sedam an─æela koji imahu sedam ─ìa┼ía, i govori sa mnom govore─çi mi: Hodi da ti poka┼╛em sud kurve velike, koja sjedi na vodama mnogima;\r\n2  S kojom se kurva┼íe carevi zemaljski, i koji ┼╛ive na zemlji opi┼íe se vinom kurvarstva njezina.\r\n3  I uvede me duhom u pusto mjesto; i vidjeh ┼╛enu gdje sjedi na zvijeri crvenoj koja bje┼íe puna imena hulnijeh i ima┼íe sedam glava i deset rogova.\r\n4  I ┼╛ena bje┼íe obu─ìena u porfiru i skerlet i naki─çena zlatom i kamenjem dragijem i biserom, i ima┼íe ─ìa┼íu zlatnu u ruci svojoj punu mrzosti i pogan┼ítine kurvarstva svojega;\r\n5  I na ─ìelu njezinu napisano ime: Tajna, Vavilon veliki, mati kurvama i mrzostima zemaljskima.\r\n6  I vidjeh ┼╛enu pijanu od krvi svetijeh i od krvi svjedoka Isusovijeh; i za─ìudih se ─ìudom velikijem kad je vidjeh.\r\n7  I re─ìe mi an─æeo: ┼áta se ─ìudi┼í? Ja ─çu ti kazati tajnu ove ┼╛ene, i zvjeri ┼íto je nosi i ima sedam glava i deset rogova.\r\n8  Zvijer koju si vidio, bje┼íe i nije, i izi─çi ─çe iz bezdana i oti─çi ─çe u propast; i udivi─çe se koji ┼╛ive na zemlji, kojima imena napisana nijesu u knjigu ┼╛ivota od postanja svijeta, kad vide zvijer, koja bje┼íe, i nije, i do─çi ─çe opet.\r\n9  Ovdje je um, koji ima mudrost. Sedam glava, to su sedam gora na kojima ┼╛ena sjedi.\r\n10  I jesu sedam careva. Pet je njih palo, i jedan jest, a drugi jo┼í nije do┼íao; i kad do─æe za malo ─çe ostati.\r\n11  I zvijer koja bje┼íe i nije, i ona je osmi, i jest od sedmorice, i u propast ide.\r\n12  I deset rogova, koje si vidio, to su deset careva, koji carstvo jo┼í ne primi┼íe, nego ─çe oblast kao carevi na jedno vrijeme primiti sa zvijeri.\r\n13  Ovi jednu volju imaju, i silu i oblast svoju da─çe zvijeri.\r\n14  Ovi ─çe se pobiti s jagnjetom, i jagnje ─çe ih pobijediti, jer je gospodar nad gospodarima i car nad carevima; i koji su s njim, jesu pozvani i izbrani i vjerni.\r\n15  I re─ìe mi: Vode, ┼íto si vidio, gdje sjedi kurva, ono su ljudi i narodi, i plemena i jezici.\r\n16  I deset rogova, ┼íto si vidio na zvijeri, oni ─çe omrznuti na kurvu, i opusto┼íi─çe je i ogoluzniti, i meso njezino poje┼í─çe i sa┼╛e─çi ─çe je ognjem.\r\n17  Jer je Bog dao u srca njihova da u─ìine volju njegovu, i da u─ìine volju jednu, i da dadu carstvo svoje zvijeri, dok se svr┼íe rije─ìi Bo┼╛ije.\r\n18  I ┼╛ena, koju si vidio, jest grad veliki, koji ima carstvo nad carevima zemaljskima.	17	19	audio/citanje/17-Sedamnaesta_Glava_Otkrivenja_Jovana_Bogoslova.wav
19	1 I poslije ovoga vidjeh drugoga an─æela gdje silazi s neba, koji ima┼íe oblast veliku; i zemlja se zasvijetli od slave njegove.\r\n2  I povika jakijem glasom govore─çi: Pade, pade Vavilon veliki, i posta stan ─æavolima, i tamnica svakome duhu ne─ìistome, i tamnica sviju ptica ne─ìistijeh i mrskijeh; jer otrovnijem vinom kurvarstva svojega napoji sve narode;\r\n3  I carevi zemaljski s njom se kurva┼íe, i trgovci zemaljski obogati┼íe se od bogastva slasti njezine.\r\n4  I ─ìuh glas drugi s neba koji govori: Izi─æite iz nje, narode moj, da se ne pomije┼íate u grijehe njezine, i da vam ne naude zla njezina.\r\n5  Jer grijesi njezini doprije┼íe tja do neba, i Bog se opomenu nepravde njezine.\r\n6  Platite joj kao ┼íto i ona plati vama, i podajte joj dvojinom onoliko po djelima njezinima: kojom ─ìa┼íom zahvati vama zahvatajte joj po dva puta onoliko.\r\n7  Koliko se proslavi i nasladi toliko joj podajte muka i ┼╛alosti; jer govori u srcu svojemu: sjedim kao carica, i nijesam udovica, i ┼╛alosti ne ─çu vidjeti.\r\n8  Za to ─çe u jedan dan do─çi zla njezina: smrt i pla─ì i glad, i sa┼╛e─çi ─çe se ognjem; jer je jak Gospod Bog koji joj sudi.\r\n9  I zaplaka─çe i zajaukati za njom carevi zemaljski koji se s njom kurva┼íe i bjesni┼íe, kad vide dim gorenja njezina,\r\n10  Iz daleka stoje─çi od straha muka njezinijeh i govore─çi: Jaoh! jaoh! grade veliki Vavilone, grade tvrdi, jer u jedan ─ìas do─æe sud tvoj!\r\n11  I trgovci zemaljski zaplaka─çe i zajaukati za njom, ┼íto njihovijeh tovara niko vi┼íe ne kupuje;\r\n12  Tovara zlata i srebra i kamenja dragoga i bisera i uzvoda i porfire i svile i skerleta, i svakoga mirisnog drveta, i svakojakijeh sudova od fildi┼ía, i svakojakijeh sudova od najskupljega drveta, mjedi i gvo┼╛─æa i mermera,\r\n13  I cimeta i tamjana i mira i livana, i vina i ulja, i ni┼íesteta i p┼íenice, i goveda i ovaca, i konja i kola, i tjelesa i du┼ía ─ìovje─ìijih.\r\n14  I vo─ça ┼╛elja du┼íe tvoje otido┼íe od tebe, i sve ┼íto je masno i dobro otide od tebe, i vi┼íe ga ne ─çe┼í na─çi.\r\n15  Trgovci koji se ovijem tovarima obogati┼íe od nje, sta─çe iz daleka od straha mu─ìenja njezina, pla─ìu─çi i jau─ìu─çi,\r\n16  I govore─çi: Jaoh! jaoh! grade veliki, obu─ìeni u svilu i porfiru i skerlet, i naki─çeni zlatom i kamenjem dragijem i biserom;\r\n17  Jer u jedan ─ìas pogibe toliko bogastvo! I svi gospodari od la─æi, i sav narod u la─æama, i la─æari, i kojigod rade na moru, stado┼íe iz daleka,\r\n18  I vikahu, vidjev┼íi dim gorenja njezina, i govorahu: Ko je bio kao ovaj grad veliki?\r\n19  I baci┼íe prah na glave svoje, i povika┼íe pla─ìu─çi i ridaju─çi, govore─çi: Jaoh! jaoh! grade veliki, u kome se obogati┼íe svi koji imaju la─æe na moru od bogastva njegova, jer u jedan ─ìas opustje!\r\n20  Veseli se nad njim nebo, i sveti apostoli i proroci, jer Bog pokaja sud va┼í na njemu.\r\n21  I uze jedan an─æeo jak kamen veliki, kao kamen vodeni─ìni, i baci u more govore─çi: Tako ─çe sa hukom biti ba─ìen Vavilon grad veliki, i ne ─çe se vi┼íe na─çi;\r\n22  I glas guda─ìa i pjeva─ìa i svira─ìa i truba─ìa ne ─çe se vi┼íe ─ìuti u tebi; i nikakav majstor ni od kakva zanata ne ─çe se vi┼íe na─çi u tebi, i huka kamenja vodeni─ìnoga ne ─çe se ─ìuti u tebi;\r\n23  I vidjelo ┼╛i┼íka ne ─çe se vi┼íe svijetliti u tebi, i glas ┼╛enika i nevjeste ne ─çe vi┼íe biti ─ìuven u tebi; jer trgovci tvoji bijahu boljari zemaljski, jer tvojijem ─ìaranjem prevareni bi┼íe svi narodi.\r\n24  I u njemu se na─æe krv proro─ìka i svetijeh, i sviju koji su pobijeni na zemlji.	18	20	audio/citanje/18-Osamnaesta_Glava_Otkrivenja_Jovana_Bogoslova.WAV.wav
20	1 I poslije ovoga ─ìuh glas veliki naroda mnogoga na nebu gdje govori: Aliluja! spasenije i slava i ─ìast i sila Gospodu na┼íemu;\r\n2  Jer su istiniti i pravi sudovi njegovi, ┼íto je osudio kurvu veliku, koja pokvari zemlju kurvarstvom svojijem, i pokajao krv slugu svojijeh od ruke njezine.\r\n3  I drugom reko┼íe: Aliluja! I dim njezin izla┼╛a┼íe va vijek vijeka.\r\n4  I pado┼íe dvadeset i ─ìetiri starje┼íine, i ─ìetiri ┼╛ivotinje, i pokloni┼íe se Bogu koji sje─æa┼íe na prijestolu, govore─çi: Amin, aliluja!\r\n5  I glas izi─æe od prijestola koji govori: Hvalite Boga na┼íega sve sluge njegove, i koji ga se bojite, i mali i veliki.\r\n6  I ─ìuh kao glas naroda mnogoga, i kao glas voda mnogijeh, i kao glas gromova jakijeh, koji govore: Aliluja! jer caruje Gospod Bog svedr┼╛itelj.\r\n7  Da se radujemo i veselimo, i da damo slavu njemu; jer do─æe svadba jagnjetova, i ┼╛ena njegova pripravila se;\r\n8  I dano joj bi da se obu─ìe u svilu ─ìistu i bijelu: jer je svila pravda svetijeh.\r\n9  I re─ìe mi: Napi┼íi: blago onima koji su pozvani na ve─ìeru svadbe jagnjetove. I re─ìe mi: Ove su rije─ìi istinite Bo┼╛ije.\r\n10  I padnuv┼íi pred nogama njegovima poklonih mu se; i re─ìe mi: Gle, nemoj, ja sam sluga kao i ti i bra─ça tvoja koja imaju svjedo─ìanstvo Isusovo. Bogu se pokloni; jer je svjedo─ìanstvo Isusovo Duh proro┼ítva.\r\n11  I vidjeh nebo otvoreno, i gle, konj bijel, i koji sje─æa┼íe na njemu zove se vjeran i istinit, i sudi po pravdi i vojuje.\r\n12  A o─ìi su mu kao plamen ognjeni, i na glavi njegovoj krune mnoge, i ima┼íe ime napisano, kojega niko ne zna do on sam.\r\n13  I bje┼íe obu─ìen u haljinu crvenu od krvi, i ime se njegovo zove: Rije─ì Bo┼╛ija.\r\n14  I vojske nebeske i─æahu za njim na konjma bijelijem, obu─ìene u svilu bijelu i ─ìistu.\r\n15  I iz usta njegovijeh izi─æe ma─ì o┼ítar, da njime pobije neznabo┼íce; i on ─çe ih pasti s palicom gvozdenom, i on gazi kacu vina srdnje i gnjeva Boga svedr┼╛itelja.\r\n16  I ima na haljini i na stegnu svome ime napisano: Car nad carevima i gospodar nad gospodarima.\r\n17  I vidjeh jednoga an─æela gdje stoji na suncu i povika glasom velikijem govore─çi svima pticama koje lete ispod neba: Do─æite i skupite se na veliku ve─ìeru Bo┼╛iju,\r\n18  Da jedete mesa od careva, i mesa od vojvoda, i mesa od junaka, i mesa od konja i od onijeh koji sjede na njima, i mesa od sviju slobodnjaka i robova, i od malijeh i velikijeh.\r\n19  I vidjeh zvijer i careve zemaljske i vojnike njihove skupljene da se pobiju s onijem ┼íto sjedi na konju i s vojskama njegovijem.\r\n20  I bi uhva─çena zvijer, i s njom la┼╛ni prorok koji u─ìini pred njim znake kojima prevari o ne koji primi┼íe ┼╛ig zvijerin koji se poklanjaju ikoni njezinoj: ┼╛ivi bi┼íe ba─ìeni oboje u jezero ognjeno, koje gori sumporom.\r\n21  A ostali pobijeni bi┼íe ma─ìem onoga ┼íto sjedi na konju, koji izi─æe iz usta njegovijeh: i sve se ptice nasiti┼íe od mesa njihova.	19	21	audio/citanje/19-Devetnaesta_Glava_Otkrivenja_Jovana_Bogoslova.WAV.wav
21	1 I vidjeh an─æela gdje silazi s neba, koji ima┼íe klju─ì od bezdana i verige velike u ruci svojoj.\r\n2  I uhvati a┼╛dahu, staru zmiju, koja je ─æavo i sotona, i sveza je na hiljadu godina,\r\n3  I u bezdan badi je, i zatvori je, i zape─ìati nad njom, da vi┼íe ne prela┼í─çuje naroda, dok se ne navr┼íi hiljadu godina; i po tom valja da bude odrije┼íena na malo vremena.\r\n4  I vidjeh prijestole, i sje─æahu na njima, i dade im se sud, i du┼íe isje─ìenijeh za svjedo─ìanstvo Isusovo i za rije─ì Bo┼╛iju, koji se ne pokloni┼íe zvijeri ni ikoni njezinoj, i ne primi┼íe ┼╛iga na ─ìelima svojima i na ruci svojoj; i o┼╛ivlje┼íe i carova┼íe s Hristom hiljadu godina.\r\n5  A ostali mrtvaci ne o┼╛ivlje┼íe, dokle se ne svr┼íi hiljada godina. Ovo je prvo vaskrsenije.\r\n6  Bla┼╛en je i svet onaj koji ima dijel u prvom vaskrseniju: nad njima druga smrt nema oblasti, nego ─çe biti sve┼ítenici Bogu i Hristu, i carova─çe s njim hiljadu godina.\r\n7  I kad se svr┼íi hiljada godina, pusti─çe se sotona iz tamnice svoje,\r\n8  I izi─çi ─çe da vara narode po sva ─ìetiri kraja zemlje, Goga i Magoga, da ih skupi na boj, kojijeh je broj kao pijesak morski.\r\n9  I izi─æo┼íe na ┼íirinu zemlje, i opkoli┼íe oko svetijeh, i grad ljubazni; i si─æe oganj od Boga s neba, i pojede ih.\r\n10  I ─æavo koji ih vara┼íe bi ba─ìen u jezero ognjeno i sumporito, gdje je zvijer i la┼╛ni prorok; i bi─çe mu─ìeni dan i no─ç va vijek vijeka.\r\n11  I vidjeh veliki bijel prijestol, i onoga ┼íto sje─æa┼íe na njemu, od ─ìijega lica bje┼╛a┼íe nebo i zemlja, i mjesta im se ne na─æe.\r\n12  I vidjeh mrtvace male i velike gdje stoje pred Bogom, i knjige se otvori┼íe; i druga se knjiga otvori, koja je knjiga ┼╛ivota; i sud primi┼íe mrtvaci kao ┼íto je napisano u knjigama, po djelima svojima.\r\n13  I more dade svoje mrtvace, i smrt i pakao dado┼íe svoje mrtvace; i sud primi┼íe po djelima svojima.\r\n14  I smrt i pakao ba─ìeni bi┼íe u jezero ognjeno. I ovo je druga smrt.\r\n15  I ko se ne na─æe napisan u knjizi ┼╛ivota, ba─ìen bi u jezero ognjeno.	20	22	audio/citanje/20-Dvadeseta_Glava_Otkrivenja_Jovana_Bogoslova.WAV.wav
22	1 I vidjeh nebo novo i zemlju novu; jer prvo nebo i prva zemlja pro─æo┼íe, i mora vi┼íe nema.\r\n2  I ja Jovan vidjeh grad sveti, Jerusalim nov, gdje silazi od Boga s neba, pripravljen kao nevjesta ukra┼íena mu┼╛u svojemu.\r\n3  I ─ìuh glas veliki s neba gdje govori: Evo skinije Bo┼╛ije me─æu ljudima, i ┼╛ivlje─çe s njima, i oni ─çe biti narod njegov, i sam Bog bi─çe s njima Bog njihov.\r\n4  I Bog ─çe otrti svaku suzu od o─ìiju njihovijeh, i smrti ne ─çe biti vi┼íe, ni pla─ìa, ni vike, ni bolesti ne ─çe biti vi┼íe; jer prvo pro─æe.\r\n5  I re─ìe onaj ┼íto sje─æa┼íe na prijestolu: Evo sve novo tvorim. I re─ìe mi: Napi┼íi, jer su ove rije─ìi istinite i vjerne.\r\n6  I re─ìe mi: Svr┼íi se. Ja sam alfa i omega, po─ìetak i svr┼íetak. Ja ─çu ┼╛ednome dati iz izvora vode ┼╛ive za badava.\r\n7  Koji pobijedi, dobi─çe sve, i bi─çu mu Bog, i on ─çe biti moj sin.\r\n8  A stra┼íljivima i nevjernima, i poganima i krvnicima, i kurvarima, i vra─ìarima, i idolopoklonicima, i svima la┼╛ama, njima je dijel u jezeru ┼íto gori ognjem i sumporom; koje je smrt druga.\r\n9  I do─æe k meni jedan od sedam an─æela koji imahu sedam ─ìa┼ía napunjenijeh sedam zala po┼íljednjijeh, i re─ìe mi govore─çi: Hodi da ti poka┼╛em nevjestu, jagnjetovu ┼╛enu.\r\n10  I odvede me u duhu na goru veliku i visoku, i pokaza mi grad veliki, sveti Jerusalim, gdje silazi s neba od Boga,\r\n11  I ima┼íe slavu Bo┼╛iju; i svjetlost njegova bija┼íe kao dragi kamen, kao kamen jaspis svijetli,\r\n12  I ima┼íe zid veliki i visok, i ima┼íe dvanaestora vrata, i na vratima dvanaest an─æela, i imena napisana, koje su imena dvanaest koljena Izrailjevijeh.\r\n13  Od istoka vrata troja, i od sjevera vrata troja, od juga vrata troja, i od zapada vrata troja.\r\n14  I zid gradski ima┼íe dvanaest temelja, i na njima imena dvanaest apostola jagnjetovijeh.\r\n15  I onaj ┼íto govora┼íe sa mnom, ima┼íe trsku zlatnu da izmjeri grad i vrata njegova i zidove njegove.\r\n16  I grad na ─ìetiri ugla stoji, i du┼╛ina je njegova tolika kolika i ┼íirina. I izmjeri grad trskom na dvanaest hiljada potrkali┼íta: du┼╛ina i ┼íirina i visina jednaka je.\r\n17  I razmjeri zid njegov na sto i ─ìetrdeset i ─ìetiri lakta, po mjeri ─ìovje─ìijoj, koja je an─æelova.\r\n18  I bje┼íe gra─æa zida njegova jaspis, i grad zlato ─ìisto, kao ─ìisto staklo.\r\n19  I temelji zidova gradskijeh bijahu ukra┼íeni svakijem dragajem kamenjem: prvi temelj bija┼íe jaspis, drugi sapfir, tre─çi halkidon, ─ìetvrti smaragd,\r\n20  Peti sardoniks, ┼íesti sard, sedmi hrisolit, osmi viril, deveti topaz, deseti hrisopras, jedanaesti jakint, dvanaesti ametist.\r\n21  I dvanaest vrata, dvanaest zrna bisera: svaka vrata bijahu od jednoga zrna bisera; i ulice gradske bijahu zlato ─ìisto, kao staklo presvijetlo.\r\n22  I crkve ne vidjeh u njemu: jer je njemu crkva Gospod Bog svedr┼╛itelj, i jagnje.\r\n23  I grad ne potrebuje sunca ni mjeseca da svijetle u njemu; jer ga slava Bo┼╛ija prosvijetli, i ┼╛i┼╛ak je njegov jagnje.\r\n24  I narodi koji su spaseni hodi─çe u vidjelu njegovu, i carevi zemaljski donije─çe slavu i ─ìast svoju u njega.\r\n25  I vrata njegova ne ─çe se zatvorati danju, jer ondje no─çi ne ─çe biti.\r\n26  I donije─çe slavu i ─ìast neznabo┼╛aca u njega.\r\n27  I ne ─çe u njega u─çi ni┼íta pogano, i ┼íto ─ìini mrzost i la┼╛, nego samo koji su napisani u ┼╛ivotnoj knjizi jagnjeta.	21	23	audio/citanje/21-Dvadeset_Prva_Glava_Otkrivenja_Jovana_Bogoslova.wav
23	1 I pokaza mi ─ìistu rijeku vode ┼╛ivota, bistru kao kristal, koja izla┼╛a┼íe od prijestola Bo┼╛ijega i jagnjetova.\r\n2  Nasred ulica njegovijeh i s obje strane rijeke drvo ┼╛ivota, koje ra─æa dvanaest rodova daju─çi svakoga mjeseca svoj rod; i li┼í─çe od drveta bija┼íe za iscjeljivanje narodima.\r\n3  I vi┼íe ne ─çe biti nikakve prokletinje; i prijestol Bo┼╛ij i jagnjetov bi─çe u njemu; i sluge njegove poslu┼╛iva─çe ga,\r\n4  I gleda─çe lice njegovo, i ime njegovo bi─çe na ─ìelima njihovima.\r\n5  I no─çi tamo ne ─çe biti, i ne ─çe potrebovata vidjela od ┼╛i┼íka, ni vidjela sun─ìanoga, jer ─çe ih obasjavati Gospod Bog; i carova─çe va vijek vijeka.\r\n6  I re─ìe mi: Ovo su rije─ìi vjerne i istinite, i Gospod Bog svetijeh proroka posla an─æela svojega da poka┼╛e slugama svojima ┼íta ─çe biti skoro.\r\n7  Evo ─çu do─çi skoro: blago onome koji dr┼╛i rije─ìi proro┼ítva knjige ove.\r\n8  I ja Jovan vidjeh ovo i ─ìuh; i kad ─ìuh i vidjeh, padoh da se poklonim na noge an─æela koji mi ovo pokaza.\r\n9  I re─ìe mi: Gle, nemoj, jer sam i ja sluga kao i ti i bra─ça tvoja proroci i oni koji dr┼╛e rije─ìi knjige ove. Bogu se pokloni.\r\n10  I re─ìe mi: Ne zape─ìa─çavaj rije─ìi proro┼ítva knjige ove; jer je vrijeme blizu.\r\n11  Ko ─ìini nepravdu, neka ─ìini jo┼í nepravdu; i ko je pogan, neka se jo┼í pogani; i ko je pravedan, neka jo┼í ─ìini pravdu; i ko je svet, neka se jo┼í sveti.\r\n12  I evo ─çu do─çi skoro, i plata moja sa mnom, da dam svakome po djelima njegovijem.\r\n13  Ja sam alfa i omega, po─ìetak i svr┼íetak, prvi i po┼íljednji.\r\n14  Blago onima koji tvore zapovijesti njegove, da im bude vlast na drvo ┼╛ivota, i da u─æu na vrata u grad.\r\n15  A na polju su psi i vra─ìari i kurvari i krvnici i idolopoklonici i svaki koji ljubi i ─ìini la┼╛.\r\n16  Ja Isus poslah an─æela svojega da vam ovo posvjedo─ìi u crkvama. Ja sam korijen i rod Davidov, i sjajna zvijezda danica.\r\n17  I Duh i nevjesta govore: Do─æi. I koji ─ìuje neka govori: Do─æi. I ko je ┼╛edan neka do─æe, i ko ho─çe neka uzme vodu ┼╛ivota za badava.\r\n18  Jer svjedo─ìim svakome koji ─ìuje rije─ìi proro┼ítva knjige ove; ako ko dometne ovome, Bog ─çe nametnuti na njega zla napisana u knjizi ovoj;\r\n19  I ako ko oduzme od rije─ìi knjige proro┼ítva ovoga, Bog ─çe oduzeti njegov dijel od knjige ┼╛ivota, i od grada svetoga, i od onoga ┼íto je napisano u knjizi ovoj.\r\n20  Govori onaj koji svjedo─ìi ovo: Da, do─çi ─çu skoro! Amin. Da, do─æi, Gospode Isuse.\r\n21  Blagodat Gospoda na┼íega Isusa Hrista sa svima vama. Amin.	22	24	audio/citanje/22-Dvadeset_Druga_Glava_Otkrivenja_Jovana_Bogoslova.WAV.wav
\.


--
-- Data for Name: biblija_starizavetglave; Type: TABLE DATA; Schema: public; Owner: postgres
--

COPY public.biblija_starizavetglave (id, knjiga_id, slug, name) FROM stdin;
1	2	1	01.
2	3	2	02.
3	3	1-1	01.
4	2	2-1	02.
5	2	3	03.
6	2	4	04.
7	2	5	05.
8	2	6	06.
9	2	7	07.
10	2	8	08.
11	2	9	09.
12	2	10	10.
13	2	11	11.
14	2	12	12.
15	2	13	13.
16	2	14	14.
17	2	15	15.
18	2	16	16.
19	2	17	17.
20	2	18	18.
21	2	19	19.
22	2	20	20.
23	2	21	21.
24	2	22	22.
25	2	23	23.
26	2	24	24.
27	2	25	25.
28	2	26	26.
29	2	27	27.
30	2	28	28.
31	2	29	29.
32	2	30	30.
33	2	31	31.
34	2	32	32.
35	2	33	33.
36	4	34	34.
37	2	35	35.
38	2	36	36.
39	2	37	37.
40	2	38	38.
41	2	39	39.
42	2	40	40.
43	2	41	41.
44	2	42	42.
45	2	43	43.
46	2	44	44.
47	2	45	45.
48	2	46	46.
49	2	47	47.
50	2	48	48.
51	2	49	49.
52	2	50	50.
\.


--
-- Data for Name: biblija_starizavetknjige; Type: TABLE DATA; Schema: public; Owner: postgres
--

COPY public.biblija_starizavetknjige (id, name, broj_glava, slug) FROM stdin;
2	1.  Mojsijeva	50	prva-knjiga-mojsijeva
3	2. Mojsijeva	40	druga-knjiga-mojsijeva
4	3. Mojsijeva	27	3-mojsijeva
5	4. Mojsijeva	36	4-mojsijeva
6	5. Mojsijeva	34	5-mojsijeva
7	Knjiga Isusa Navina	24	knjiga-isusa-navina
8	Knjiga o sudijama	21	knjiga-o-sudijama
9	Knjiga o Ruti	4	knjiga-o-ruti
10	1. Samuilova	24	1-samuilova
11	2. Samuilova	\N	2-samuilova
12	1. Carevima	\N	1-carevima
13	2. Carevima	\N	2-carevima
14	1. Dnevnika	\N	1-dnevnika
15	2. Dnevnika	\N	2-dnevnika
16	Knjiga Jezdirina	\N	knjiga-jezdirina
17	Knjiga Nemijina	\N	knjiga-nemijina
18	Knjiga o Jestiri	\N	knjiga-o-jestiri
19	Jov	\N	jov
20	Psalmi	\N	psalmi
21	Pri─ìe Solomunove	\N	price-solomunove
22	Knjiga propovednikova	\N	knjiga-propovednikova
23	Pesma nad pesmama	\N	pesma-nad-pesmama
24	Isaija	\N	isaija
25	Jeremija	\N	jeremija
26	Pla─ì Jeremijin	\N	plac-jeremijin
27	Jezekilj	\N	jezekilj
28	Danilo	\N	danilo
29	Osije	\N	osije
30	Joil	\N	joil
31	Amos	\N	amos
32	Avdija	\N	avdija
33	Jona	\N	jona
34	Mihej	\N	mihej
35	Naum	\N	naum
36	Avakum	\N	avakum
37	Sofonije	\N	sofonije
38	Agej	\N	agej
39	Zaharije	\N	zaharije
40	Malahije	\N	malahije
\.


--
-- Data for Name: biblija_starizavettext; Type: TABLE DATA; Schema: public; Owner: postgres
--

COPY public.biblija_starizavettext (id, glava_id, slug, content, audio) FROM stdin;
1	1	1	1  U po─ìetku stvori Bog nebo i zemlju.\r\n2  A zemlja bje┼íe bez obli─ìja i pusta, i bje┼íe tama nad bezdanom; i duh Bo┼╛ji diza┼íe se nad vodom.\r\n3  I re─ìe Bog: neka bude svjetlost. I bi svjetlost.\r\n4  I vidje Bog svjetlost da je dobra; i rastavi Bog svjetlost od tame.\r\n5  I svjetlost nazva Bog dan, a tamu nazva no─ç. I bi ve─ìe i bi jutro, dan prvi.\r\n6  Potom re─ìe Bog: neka bude svod posred vode, da rastavlja vodu od vode.\r\n7  I stvori Bog svod, i rastavi vodu pod svodom od vode nad svodom; i bi tako.\r\n8  A svod nazva Bog nebo. I bi ve─ìe i bi jutro, dan drugi.\r\n9  Potom re─ìe Bog: neka se sabere voda ┼íto je pod nebom na jedno mjesto, i neka se poka┼╛e suho. I bi tako.\r\n10  I suho nazva Bog zemlja, a zbori┼íta vodena nazva mora; i vidje Bog da je dobro.\r\n11  Opet re─ìe Bog: neka pusti zemlja iz sebe travu, bilje, ┼íto nosi sjeme, i drvo rodno, koje ra─æa rod po svojim vrstama, u kojem ─çe biti sjeme njegovo na zemlji. I bi tako.\r\n12  I pusti zemlja iz sebe travu, bilje, ┼íto nosi sjeme po svojim vrstama, i drvo, koje ra─æa rod, u kojem je sjeme njegovo po njegovijem vrstama. I vidje Bog da je dobro.\r\n13  I bi ve─ìe i bi jutro, dan tre─çi.\r\n14  Potom re─ìe Bog: neka budu vidjela na svodu nebeskom, da dijele dan i no─ç, da budu znaci vremenima i danima i godinama;\r\n15  I neka svijetle na svodu nebeskom, da obasjavaju zemlju. I bi tako.\r\n16  I stvori Bog dva vidjela velika: vidjelo ve─çe da upravlja danom, i vidjelo manje da upravlja no─çu, i zvijezde.\r\n17  I postavi ih Bog na svodu nebeskom da obasjavaju zemlju.\r\n18  I da upravljaju danom i no─çu, i da dijele svjetlost od tame. I vidje Bog da je dobro.\r\n19  I bi ve─ìe i bi jutro, dan ─ìetvrti.\r\n20  Potom re─ìe Bog: neka vrve po vodi ┼╛ive du┼íe, i ptice neka lete iznad zemlje pod svod nebeski.\r\n21  I stvori Bog kitove velike i sve ┼╛ive du┼íe ┼íto se mi─ìu, ┼íto provrvje┼íe po vodi po vrstama svojim, i sve ptice krilate po vrstama njihovijem. I vidje Bog da je dobro;\r\n22  I blagoslovi ih Bog govore─çi: ra─æajte se i mno┼╛ite se, i napunite vodu po morima, i ptice neka se mno┼╛e na zemlji.\r\n23  I bi ve─ìe i bi jutro, dan peti.\r\n24  Potom re─ìe Bog: neka zemlja pusti iz sebe du┼íe ┼╛ive po vrstama njihovijem, stoku i sitne ┼╛ivotinje i zvijeri zemaljske po vrstama njihovijem. I bi tako.\r\n25  I stvori Bog zvijeri zemaljske po vrstama njihovijem, i stoku po vrstama njezinijem, i sve sitne ┼╛ivotinje na zemlji po vrstama njihovijem. I vidje Bog da je dobro.\r\n26  Potom re─ìe Bog: da na─ìinimo ─ìovjeka po svojemu obli─ìju, kao ┼íto smo mi, koji ─çe biti gospodar od riba morskih i od ptica nebeskih i od stoke i od cijele zemlje i od svijeh ┼╛ivotinja ┼íto se mi─ìu po zemlji.\r\n27  I stvori Bog ─ìovjeka po obli─ìju svojemu, po obli─ìju Bo┼╛ijemu stvori ga; mu┼íko i ┼╛ensko stvori ih.\r\n28  I blagoslovi ih Bog, i re─ìe im Bog: ra─æajte se i mno┼╛ite se, i napunite zemlju, i vladajte njom, i budite gospodari od riba morskih i od ptica nebeskih i od svega zvjerinja ┼íto se mi─ìe po zemlji.\r\n29  I jo┼í re─ìe Bog: evo, dao sam vam sve bilje ┼íto nosi sjeme po svoj zemlji, i sva drveta rodna koja nose sjeme; to ─çe vam biti za hranu.\r\n30  A svemu zvjerinju zemaljskom i svjema pticama nebeskim i svemu ┼íto se mi─ìe na zemlji i u ─ìem ima du┼ía ┼╛iva, dao sam svu travu da jedu. I bi tako.\r\n31  Tada pogleda Bog sve ┼íto je stvorio, i gle, dobro bje┼íe veoma. I bi ve─ìe i bi jutro, dan ┼íesti.	audio/citanje/01-Prva_glava_Otkrivenja_Jovana_Bogoslova_60KglR2.mp3
2	2	2	1  A neko od plemena Levijeva otide i o┼╛eni se k─çerju Levijevom.\r\n2  I ona zatrudnje i rodi sina; i vidje─çi ga lijepa krija┼íe ga tri mjeseca.\r\n3  A kad ga ne mo┼╛e vi┼íe kriti, u┼╛e kov─ìe┼╛i─ç od site, i obli ga smolom i paklinom, i metnu dijete u nj, i odnese ga u trsku kraj rijeke.\r\n4  A sestra njegova stade podalje da vidi ┼íta ─çe biti od njega.\r\n5  A k─çi Faraonova do─æe da se kupa u rijeci, i djevojke njezine hodahu kraj rijeke; i ona ugleda kov─ìe┼╛i─ç u trsci, i posla dvorkinju svoju te ga izvadi.\r\n6  A kad otvori, vidje dijete, i gle, dijete plaka┼íe; i sa┼╛ali joj se, i re─ìe: to je Jevrejsko dijete.\r\n7  Tada re─ìe sestra njegova k─çeri Faraonovoj: ho─çe┼í li da idem da ti dozovem dojkinju Jevrejku, da ti doji dijete?\r\n8  A k─çi Faraonova re─ìe joj: idi. I otide djevoj─ìica, i dozva mater djetinju.\r\n9  I k─çi Faraonova re─ìe joj: uzmi ovo dijete, i odoj mi ga, a ja ─çu ti platiti. I uze ┼╛ena dijete i odoji ga.\r\n10  A kad dijete odraste, odvede ga ka k─çeri Faraonovoj, a ona ga posini; i nadjede mu ime Mojsije govore─çi: jer ga iz vode izvadih.\r\n11  I kad Mojsije bija┼íe velik, izide k bra─çi svojoj, i gleda┼íe nevolju njihovu. I vidje gdje nekakav Misirac bije ─ìovjeka Jevrejina izme─æu bra─çe njegove.\r\n12  I obazrev se i tamo i amo, kad vidje da nema nikoga, ubi Misirca, i zakopa ga u pijesak.\r\n13  I sjutradan izide opet, a to se dva Jevrejina sva─æahu, i re─ìe onomu koji ─ìinja┼íe krivo: za┼íto bije┼í bli┼╛njega svojega?\r\n14  A on re─ìe: ko je tebe postavio knezom i sudijom nad nama? ho─çe┼í li da me ubije┼í kao ┼íto si ubio Misirca? Tada se Mojsije upla┼íi i re─ìe: zaista se doznalo.\r\n15  I Faraon ─ìuv za to tra┼╛a┼íe da pogubi Mojsija. Ali Mojsije pobje┼╛e od Faraona i do─æe u zemlju Madijamsku, i sjede kod jednoga studenca.\r\n16  A sve┼ítenik Madijamski ima┼íe sedam k─çeri, i one do─æo┼íe i stado┼íe zahvatati vodu i naljevati u pojila da napoje stado oca svojega.\r\n17  A do─æo┼íe pastiri, i otjera┼íe ih; a Mojsije usta i odbrani ih, i napoji im stado.\r\n18  I one se vrati┼íe k ocu svojemu Raguilu; a on re─ìe: ┼íto se danas tako brzo vratiste?\r\n19  A one reko┼íe: jedan Misirac odbrani nas od pastira, i nali nam i napoji stado.\r\n20  A on re─ìe k─çerima svojim: pa gdje je? za┼íto ostaviste toga ─ìovjeka? zovite ga da jede.\r\n21  I Mojsije se skloni da ┼╛ivi kod onoga ─ìovjeka, i on dade Mojsiju k─çer svoju Seforu.\r\n22  I ona rodi sina, i on mu nadjede ime Girsam, jer sam, re─ìe, do┼íljak u zemlji tu─æoj.\r\n23  A poslije mnogo vremena umrije car Misirski; i uzdisahu od nevolje sinovi Izrailjevi i vikahu; i vika njihova radi nevolje do─æe do Boga.\r\n24  I Bog ─ìu uzdisanje njihovo, i opomenu se Bog zavjeta svojega s Avramom, s Isakom i s Jakovom.\r\n25  I pogleda Bog na sinove Izrailjeve, i vidje ih.	
3	3	1-1	1 Ovo su imena sinova Izrailjevijeh koji do─æo┼íe u Misir, do─æo┼íe s Jakovom, svaki sa svojom porodicom:\r\n2  Ruvim, Simeun, Levije i Juda,\r\n3  Isahar, Zavulon i Venijamin,\r\n4  Dan i Neftalim, Gad i Asir.\r\n5  A svega bija┼íe ih od bedara Jakovljevijeh sedamdeset du┼ía s Josifom, koji bje┼íe u Misiru.\r\n6  A Josif umrije i sva bra─ça njegova i sav onaj nara┼ítaj.\r\n7  I sinovi Izrailjevi narodi┼íe se i umno┼╛i┼íe se, i napredova┼íe i osili┼íe veoma, da ih se zemlja napuni.\r\n8  Tada nasta nov car u Misiru, koji ne znadija┼íe za Josifa;\r\n9  I re─ìe narodu svojemu: gle, narod sinova Izrailjevijeh ve─çi je i silniji od nas.\r\n10  Nego hajde mudro da postupamo s njima, da se ne mno┼╛e, i kad nastane rat da ne pristanu s neprijateljima na┼íim i ne udare na nas i ne otidu iz zemlje.\r\n11  I postavi┼íe nad njima nastojnike da ih mu─ìe te┼íkim poslovima; i gra─æa┼íe narod Izrailjev Faraonu gradove Pitom i Ramesu.\r\n12  Ali ┼íto ga vi┼íe mu─ìahu to se vi┼íe mno┼╛a┼íe i napredova┼íe, da se gro┼╛ahu od sinova Izrailjevijeh.\r\n13  I ┼╛estoko nagonjahu Misirci sinove Izrailjeve na poslove,\r\n14  I zagr─ìivahu im ┼╛ivot te┼íkim poslovima, blatom i opekama i svakim radom u polju, i svakim drugim poslom, na koji ih ┼╛estoko nagonjahu.\r\n15  I jo┼í zapovjedi car Misirski babicama Jevrejskim, od kojih jednoj bje┼íe ime Sefora a drugoj Fuva,\r\n16  I re─ìe: kad babi─ìite Jevrejke, i u poro─æaju vidite da je mu┼íko, ubijte ga, a kad bude ┼╛ensko, nek ostane ┼╛ivo.\r\n17  Ali se babice bojahu Boga, i ne ─ìinjahu kako im re─ìe car Misirski, nego ostavljahu djecu u ┼╛ivotu.\r\n18  A car Misirski dozva babice, i re─ìe im: za┼íto to ─ìinite, te ostavljate u ┼╛ivotu mu┼íku djecu?\r\n19  A babice reko┼íe Faraonu: Jevrejke nisu kao ┼╛ene Misirke; ja─ìe su; dok im do─æe babica, one ve─ç rode.\r\n20  I Bog u─ìini dobro babicama; i narod se umno┼╛i i osili veoma;\r\n21  I ┼íto se babice bojahu Boga, na─ìini im ku─çe.\r\n22  Tada zapovjedi Faraon svemu narodu svojemu govore─çi: svakoga sina koji se rodi bacite u vodu, a k─çeri sve ostavljajte u ┼╛ivotu.	
4	4	02	1 Tako se dovr┼íi nebo i zemlja i sva vojska njihova.\r\n2  I svr┼íi Bog do sedmoga dana djela svoja, koja u─ìini; i po─ìinu u sedmi dan od svijeh djela svojih, koja u─ìini;\r\n3  I blagoslovi Bog sedmi dan, i posveti ga, jer u taj dan po─ìinu od svijeh djela svojih, koja u─ìini;\r\n4  To je postanje neba i zemlje, kad posta┼íe, kad Gospod Bog stvori zemlju i nebo,\r\n5  I svaku biljku poljsku, dokle je jo┼í ne bje┼íe na zemlji, i svaku travku poljsku, dokle jo┼í ne nica┼íe; jer Gospod Bog jo┼í ne pusti da┼╛da na zemlju, niti bje┼íe ─ìovjeka da radi zemlju,\r\n6  Ali se podiza┼íe para sa zemlje da natapa svu zemlju.\r\n7  A stvori Gospod Bog ─ìovjeka od praha zemaljskoga, i dunu mu u nos duh ┼╛ivotni; i posta ─ìovjek du┼ía ┼╛iva.\r\n8  I nasadi Gospod Bog vrt u Edemu na istoku; i ondje namjesti ─ìovjeka, kojega stvori.\r\n9  I u─ìini Gospod Bog, te niko┼íe iz zemlje svakojaka drveta lijepa za gledanje i dobra za jelo, i drvo od ┼╛ivota usred vrta i drvo od znanja dobra i zla.\r\n10  A voda tecija┼íe iz Edema natapaju─çi vrt, i odande se dijelja┼íe u ─ìetiri rijeke.\r\n11  Jednoj je ime Fison, ona te─ìe oko cijele zemlje Evilske, a ondje ima zlata,\r\n12  I zlato je one zemlje vrlo dobro; ondje ima i bdela i dragoga kamena oniha.\r\n13  A drugoj je rijeci ime Geon, ona te─ìe oko cijele zemlje Huske.\r\n14  A tre─çoj je rijeci ime Hidekel, ona te─ìe k Asirskoj. A ─ìetvrta je rijeka Efrat.\r\n15  I uzev┼íi Gospod Bog ─ìovjeka namjesti ga u vrtu Edemskom, da ga radi i da ga ─ìuva.\r\n16  I zaprijeti Gospod Bog ─ìovjeku govore─çi: jedi slobodno sa svakoga drveta u vrtu;\r\n17  Ali s drveta od znanja dobra i zla, s njega ne jedi; jer u koji dan okusi┼í s njega, umrije─çe┼í.\r\n18  I re─ìe Gospod Bog: nije dobro da je ─ìovjek sam; da mu na─ìinim druga prema njemu.\r\n19  Jer Gospod Bog stvori od zemlje sve zvijeri poljske i sve ptice nebeske, i dovede k Adamu da vidi kako ─çe koju nazvati, pa kako Adam nazove koju ┼╛ivotinju onako da joj bude ime;\r\n20  I Adam nadjede ime svakom ┼╛ivin─ìetu i svakoj ptici nebeskoj i svakoj zvijeri poljskoj; ali se ne na─æe Adamu drug prema njemu.\r\n21  I Gospod Bog pusti tvrd san na Adama, te zaspa; pa mu uze jedno rebro, i mjesto popuni mesom;\r\n22  I Gospod Bog stvori ┼╛enu od rebra, koje uze Adamu, i dovede je k Adamu.\r\n23  A Adam re─ìe: sada eto kost od mojih kosti, i tijelo od mojega tijela. Neka joj bude ime ─ìovje─ìica, jer je uzeta od ─ìovjeka.\r\n24  Za to ─çe ostaviti ─ìovjek oca svojega i mater svoju, i prilijepi─çe se k ┼╛eni svojoj, i bi─çe dvoje jedno tijelo.\r\n25  A bjehu oboje goli, Adam i ┼╛ena mu, i ne bje┼íe ih sramota.	
5	5	03	Ali zmija bje┼íe lukava mimo sve zvijeri poljske, koje stvori Gospod Bog; pa re─ìe ┼╛eni: je li istina da je Bog kazao da ne jedete sa svakoga drveta u vrtu?\r\n2  A ┼╛ena re─ìe zmiji: mi jedemo roda sa svakoga drveta u vrtu;\r\n3  Samo roda s onoga drveta usred vrta, kazao je Bog, ne jedite i ne dirajte u nj, da ne umrete.\r\n4  A zmija re─ìe ┼╛eni: ne─çete vi umrijeti;\r\n5  Nego zna Bog da ─çe vam se u onaj dan kad okusite s njega otvoriti o─ìi, pa ─çete postati kao bogovi i znati ┼íto je dobro ┼íto li zlo.\r\n6  I ┼╛ena vide─çi da je rod na drvetu dobar za jelo i da ga je milina gledati i da je drvo vrlo drago radi znanja, uzabra roda s njega i okusi, pa dade i mu┼╛u svojemu, te i on okusi.\r\n7  Tada im se otvori┼íe o─ìi, i vidje┼íe da su goli; pa spleto┼íe li┼í─ça smokova i na─ìini┼íe sebi prega─ìe.\r\n8  I za─ìu┼íe glas Gospoda Boga, koji i─æa┼íe po vrtu kad zahladi; i sakri se Adam i ┼╛ena mu ispred Gospoda Boga me─æu drveta u vrtu.\r\n9  A Gospod Bog viknu Adama i re─ìe mu: gdje si?\r\n10  A on re─ìe: ─ìuh glas tvoj u vrtu, pa se popla┼íih, jer sam go, te se sakrih.\r\n11  A Bog re─ìe: ko ti kaza da si go? da nijesi jeo s onoga drveta ┼íto sam ti zabranio da ne jede┼í s njega?\r\n12  A Adam re─ìe: ┼╛ena koju si udru┼╛io sa mnom, ona mi dade s drveta, te jedoh.\r\n13  A Gospod Bog re─ìe ┼╛eni: za┼íto si to u─ìinila? A ┼╛ena odgovori: zmija me prevari, te jedoh.\r\n14  Tada re─ìe Gospod Bog zmiji: kad si to u─ìinila, da si prokleta mimo svako ┼╛ivin─ìe i mimo sve zvijeri poljske; na trbuhu da se vu─ìe┼í i prah da jede┼í do svojega vijeka.\r\n15  I jo┼í me─çem neprijateljstvo izme─æu tebe i ┼╛ene i izme─æu sjemena tvojega i sjemena njezina; ono ─çe ti na glavu stajati a ti ─çe┼í ga u petu ujedati.\r\n16  A ┼╛eni re─ìe: tebi ─çu mnoge muke zadati kad zatrudni┼í, s mukama ─çe┼í djecu ra─æati, i volja ─çe tvoja stajati pod vla┼í─çu mu┼╛a tvojega, i on ─çe ti biti gospodar.\r\n17  Pa onda re─ìe Adamu: ┼íto si poslu┼íao ┼╛enu i okusio s drveta s kojega sam ti zabranio rekav┼íi da ne jede┼í s njega, zemlja da je prokleta s tebe, s mukom ─çe┼í se od nje hraniti do svojega vijeka;\r\n18  Trnje i korov ─çe ti ra─æati, a ti ─çe┼í jesti zelje poljsko;\r\n19  Sa znojem lica svojega je┼í─çe┼í hljeb, dokle se ne vrati┼í u zemlju od koje si uzet; jer si prah, i u prah ─çe┼í se vratiti.\r\n20  I Adam nadjede ┼╛eni svojoj ime Jeva, zato ┼íto je ona mati svjema ┼╛ivima.\r\n21  I na─ìini Gospod Bog Adamu i ┼╛eni njegovoj haljine od ko┼╛e, i obu─ìe ih u njih.\r\n22  I re─ìe Gospod Bog: eto, ─ìovjek posta kao jedan od nas znaju─çi ┼íto je dobro ┼íto li zlo; ali sada da ne pru┼╛i ruke svoje i uzbere i s drveta od ┼╛ivota, i okusi, te do vijeka ┼╛ivi.\r\n23  I Gospod Bog izagna ga iz vrta Edemskoga da radi zemlju, od koje bi uzet;\r\n24  I izagnav ─ìovjeka postavi pred vrtom Edemskim heruvima s plamenijem ma─ìem, koji se vija┼íe i tamo i amo, da ─ìuva put ka drvetu od ┼╛ivota.	
6	6	04	1 Iza toga Adam pozna Jevu ┼╛enu svoju, a ona zatrudnje i rodi Kajina, i re─ìe: dobih ─ìovjeka od Gospoda.\r\n2  I rodi opet brata njegova Avelja. I Avelj posta pastir a Kajin ratar.\r\n3  A poslije nekoga vremena dogodi se, te Kajin prinese Gospodu prinos od roda zemaljskoga;\r\n4  A i Avelj prinese od prvina stada svojega i od njihove pretiline. I Gospod pogleda na Avelja i na njegov prinos,\r\n5  A na Kajina i na njegov prinos ne pogleda. Zato se Kajin rasrdi veoma, i lice mu se promijeni.\r\n6  Tada re─ìe Gospod Kajinu: ┼íto se srdi┼í? ┼íto li ti se lice promijeni?\r\n7  Ne─çe┼í li biti mio, kad dobro ─ìini┼í? a kad ne ─ìini┼í dobro, grijeh je na vratima. A volja je njegova pod tvojom vla┼í─çu, i ti si mu stariji.\r\n8  Poslije govora┼íe Kajin s Aveljem bratom svojim. Ali kad bijahu u polju, sko─ìi Kajin na Avelja brata svojega, i ubi ga.\r\n9  Tada re─ìe Gospod Kajinu: gdje ti je brat Avelj? A on odgovori: ne znam; zar sam ja ─ìuvar brata svojega?\r\n10  A Bog re─ìe: ┼íta u─ìini! glas krvi brata tvojega vi─ìe sa zemlje k meni.\r\n11  I sada, da si proklet na zemlji, koja je otvorila usta svoja da primi krv brata tvojega iz ruke tvoje.\r\n12  Kad zemlju uzradi┼í, ne─çe ti vi┼íe davati blaga svojega. Bi─çe┼í potuka─ì i bjegunac na zemlji.\r\n13  A Kajin re─ìe Gospodu: krivica je moja velika da mi se ne mo┼╛e oprostiti.\r\n14  Evo me tjera┼í danas iz ove zemlje da se krijem ispred tebe, i da se skitam i potucam po zemlji, pa ─çe me ubiti ko me udesi.\r\n15  A Gospod mu re─ìe: za to ko ubije Kajina, sedam ─çe se puta to pokajati. I na─ìini Gospod znak na Kajinu da ga ne ubije ko ga udesi.\r\n16  I otide Kajin ispred Gospoda, i naseli se u zemlji Naidskoj na istoku prema Edemu.\r\n17  I pozna Kajin ┼╛enu svoju, a ona zatrudnje i rodi Enoha. I sazida grad i prozva ga po imenu sina svojega Enoh.\r\n18  A Enohu rodi se Gaidad; a Gaidad rodi Maleleila: a Maleleilo rodi Matusala; a Matusal rodi Lameha.\r\n19  I uze Lameh dvije ┼╛ene: jednoj bje┼íe ime Ada a drugoj Sela.\r\n20  I Ada rodi Jovila; od njega se narodi┼íe koji ┼╛ive pod ┼íatorima i stoku pasu.\r\n21  A bratu njegovu bje┼íe ime Juval; od njega se narodi┼íe guda─ìi i svira─ìi.\r\n22  A i Sela rodi Tovela, koji bje┼íe vje┼ít kovati sva┼íta od mjedi i od gvo┼╛─æa; a sestra Tovelu bje┼íe Noema.\r\n23  I re─ìe Lameh svojima ┼╛enama, Adi i Seli: ─ìujte glas moj, ┼╛ene Lamehove, poslu┼íajte rije─ìi moje: ubi─çu ─ìovjeka za ranu svoju i mladi─ça za masnicu svoju.\r\n24  Kad ─çe se Kajin osvetiti sedam puta, Lameh ─çe sedamdeset i sedam puta.\r\n25  A Adam opet pozna ┼╛enu svoju, i ona rodi sina, i nadje mu ime Sit, jer mi, re─ìe, Bog dade drugoga sina za Avelja, kojega ubi Kajin.\r\n26  I Situ se rodi sin, kojemu nadjede ime Enos. Tada se po─ìe prizivati ime Gospodnje.	
7	7	05	1 Ovo je pleme Adamovo. Kad Bog stvori ─ìovjeka, po obli─ìju svojemu stvori ga.\r\n2  Mu┼íko i ┼╛ensko stvori ih, i blagoslovi ih, i nazva ih ─ìovjek, kad bi┼íe stvoreni.\r\n3  I po┼╛ivje Adam sto i trideset godina, i rodi sina po obli─ìju svojemu, kao ┼íto je on, i nadjede mu ime Sit.\r\n4  A rodiv Sita po┼╛ivje Adam osam stotina godina, ra─æaju─çi sinove i k─çeri;\r\n5  Tako po┼╛ivje Adam svega devet stotina i trideset godina; i umrije.\r\n6  A Sit po┼╛ivje sto i pet godina, i rodi Enosa;\r\n7  A rodiv Enosa po┼╛ivje Sit osam stotina i sedam godina, ra─æaju─çi sinove i k─çeri;\r\n8  Tako po┼╛ivje Sit svega devet stotina i dvanaest godina; i umrije.\r\n9  A Enos po┼╛ivje devedeset godina, i rodi Kajinana;\r\n10  A rodiv Kajinana po┼╛ivje Enos osam stotina i petnaest godina, ra─æaju─çi sinove i k─çeri;\r\n11  Tako po┼╛ivje Enos svega devet stotina i pet godina; i umrije.\r\n12  A Kajinan po┼╛ivje sedamdeset godina, i rodi Maleleila;\r\n13  A rodiv Maleleila po┼╛ivje Kajinan osam stotina i ─ìetrdeset godina, ra─æaju─çi sinove i k─çeri;\r\n14  Tako po┼╛ivje Kajinan svega devet stotina i deset godina; i umrije.\r\n15  A Maleleilo po┼╛ivje ┼íezdeset i pet godina, i rodi Jareda;\r\n16  A rodiv Jareda po┼╛ivje Maleleilo osam stotina i trideset godina, ra─æaju─çi sinove i k─çeri;\r\n17  Tako po┼╛ivje Maleleilo svega osam stotina i devedeset i pet godina; i umrije.\r\n18  A Jared po┼╛ivje sto i ┼íezdeset i dvije godine, i rodi Enoha;\r\n19  A rodiv Enoha po┼╛ivje Jared osam stotina godina, ra─æaju─çi sinove i k─çeri;\r\n20  Tako po┼╛ivje Jared svega devet stotina i ┼íezdeset i dvije godine, i umrije.\r\n21  A Enoh po┼╛ivje ┼íezdeset i pet godina, i rodi Matusala;\r\n22  A rodiv Matusala po┼╛ivje Enoh jednako po volji Bo┼╛joj trista godina, ra─æaju─çi sinove i k─çeri;\r\n23  Tako po┼╛ivje Enoh svega trista i ┼íezdeset i pet godina;\r\n24  I ┼╛ive─çi Enoh jednako po volji Bo┼╛joj, nestade ga, jer ga uze Bog.\r\n25  A Matusal po┼╛ivje sto i osamdeset i sedam godina, i rodi Lameha;\r\n26  A rodiv Lameha po┼╛ivje Matusal sedam stotina i osamdeset i dvije godine, ra─æaju─çi sinove i k─çeri;\r\n27  Tako po┼╛ivje Matusal svega devet stotina i ┼íezdeset i devet godina; i umrije.\r\n28  A Lameh po┼╛ivje sto i osamdeset i dvije godine, i rodi sina,\r\n29  I nadjede mu ime Noje govore─çi: ovaj ─çe nas odmoriti od posala na┼íih i od truda ruku na┼íih na zemlji, koju prokle Gospod.\r\n30  A rodiv Noja po┼╛ivje Lameh pet stotina i devedeset i pet godina, ra─æaju─çi sinove i k─çeri;\r\n31  Tako po┼╛ivje Lameh svega sedam stotina i sedamdeset i sedam godina; i umrije.\r\n32  A Noju kad bi pet stotina godina, rodi Noje Sima, Hama i Jafeta.	
8	8	06	1 A kad se ljudi po─ìe┼íe mno┼╛iti na zemlji, i k─çeri im se narodi┼íe.\r\n2  Vide─çi sinovi Bo┼╛ji k─çeri ─ìovje─ìije kako su lijepe uzima┼íe ih za ┼╛ene koje htje┼íe.\r\n3  A Gospod re─ìe: ne─çe se duh moj do vijeka preti s ljudima, jer su tijelo; neka im jo┼í sto i dvadeset godina.\r\n4  A bija┼íe tada divova na zemlji; a i poslije, kad se sinovi Bo┼╛ji sastajahu sa k─çerima ─ìovje─ìijim, pa im one ra─æahu sinove; to bijahu silni ljudi, od starine na glasu.\r\n5  I Gospod vide─çi da je nevaljalstvo ljudsko veliko na zemlji, i da su sve misli srca njihova svagda samo zle,\r\n6  Pokaja se Gospod ┼íto je stvorio ─ìovjeka na zemlji, i bi mu ┼╛ao u srcu.\r\n7  I re─ìe Gospod: ho─çu da istrijebim sa zemlje ljude, koje sam stvorio, od ─ìovjeka do stoke i do sitne ┼╛ivotinje i do ptica nebeskih; jer se kajem ┼íto sam ih stvorio.\r\n8  Ali Noje na─æe milost pred Gospodom.\r\n9  Ovo su doga─æaji Nojevi: Noje bje┼íe ─ìovjek pravedan i bezazlen svojega vijeka; po volji Bo┼╛joj svagda ┼╛ivlja┼íe Noje.\r\n10  I rodi Noje tri sina: Sima, Hama i Jafeta.\r\n11  A zemlja se pokvari pred Bogom, i napuni se zemlja bezakonja.\r\n12  I pogleda Bog na zemlju, a ona bje┼íe pokvarena; jer svako tijelo pokvari put svoj na zemlji.\r\n13  I re─ìe Bog Noju: kraj svakome tijelu do─æe preda me, jer napuni┼íe zemlju bezakonja; i evo ho─çu da ih zatrem sa zemljom.\r\n14  Na─ìini sebi kov─ìeg od drveta gofera, i na─ìini pregratke u kov─ìegu; i zatopi ga smolom iznutra i spolja.\r\n15  I na─ìini ga ovako; u du┼╛inu neka bude trista lakata, u ┼íirinu pedeset lakata, i u visinu trideset lakata;\r\n16  Pusti dosta svjetlosti u kov─ìeg; i krov mu svedi ozgo od lakta; i udari vrata kov─ìegu sa strane; i na─ìini ga na tri boja: donji, drugi i tre─çi.\r\n17  Jer evo pusti─çu potop na zemlju, da istrijebim svako tijelo, u kojem ima ┼╛iva du┼ía pod nebom; ┼íto je god na zemlji sve ─çe izginuti.\r\n18  Ali ─çu s tobom u─ìiniti zavjet svoj: i u─çi ─çe┼í u kov─ìeg ti i sinovi tvoji i ┼╛ena tvoja i ┼╛ene sinova tvojih s tobom.\r\n19  I od svega ┼╛iva, od svakoga tijela, uze─çe┼í u kov─ìeg po dvoje, da sa─ìuva┼í u ┼╛ivotu sa sobom, a mu┼íko i ┼╛ensko neka bude.\r\n20  Od ptica po vrstama njihovijem, od stoke po vrstama njezinijem, i od svega ┼íto se mi─ìe na zemlji po vrstama njegovijem, od svega po dvoje neka u─æe s tobom, da ih sa─ìuva┼í u ┼╛ivotu.\r\n21  I uzmi sa sobom svega ┼íto se jede, i ─ìuvaj kod sebe, da bude hrane tebi i njima.\r\n22  I Noje u─ìini, kako mu zapovjedi Bog, sve onako u─ìini.	
9	9	07	1  I re─ìe Gospod Noju: u─æi u kov─ìeg ti i sav dom tvoj; jer te na─æoh pravedna pred sobom ovoga vijeka.\r\n2  Uzmi sa sobom od svijeh ┼╛ivotinja ─ìistih po sedmoro, sve mu┼╛jaka i ┼╛enku njegovu; a od ┼╛ivotinja ne─ìistih po dvoje, mu┼╛jaka i ┼╛enku njegovu,\r\n3  Tako─æer i od ptica nebeskih po sedam, mu┼╛jaka i ┼╛enku njegovu, da im se sa─ìuva sjeme na zemlji.\r\n4  Jer ─çu do sedam dana pustiti da┼╛d na zemlju za ─ìetrdeset dana i ─ìetrdeset no─çi, i istrijebi─çu sa zemlje svako tijelo ┼╛ivo, koje sam stvorio.\r\n5  I Noje u─ìini sve ┼íto mu zapovjedi Gospod.\r\n6  A bje┼íe Noju ┼íest stotina godina kad do─æe potop na zemlju.\r\n7  I u─æe Noje u kov─ìeg i sinovi njegovi i ┼╛ena njegova i ┼╛ene sinova njegovih s njim radi potopa.\r\n8  Od ┼╛ivotinja ─ìistih i od ┼╛ivotinja ne─ìistih i od ptica i od svega ┼íto se mi─ìe po zemlji,\r\n9  U─æe k Noju u kov─ìeg po dvoje, mu┼íko i ┼╛ensko, kao ┼íto bje┼íe Bog zapovjedio Noju.\r\n10  A u sedmi dan do─æe potop na zemlju.\r\n11  Kad je bilo Noju ┼íest stotina godina, te godine drugoga mjeseca, sedamnaesti dan toga mjeseca, taj dan razvali┼íe se svi izvori velikoga bezdana, i otvori┼íe se ustave nebeske;\r\n12  I udari da┼╛d na zemlju za ─ìetrdeset dana i ─ìetrdeset no─çi.\r\n13  Taj dan u─æe u kov─ìeg Noje i Sim i Ham i Jafet, sinovi Nojevi, i ┼╛ena Nojeva i tri ┼╛ene sinova njegovijeh s njima;\r\n14  Oni, i svakojake zvijeri po vrstama svojim, i svakojaka stoka po vrstama svojim, i ┼íto se god mi─ìe po zemlji po vrstama svojim, i ptice sve po vrstama svojim, i ┼íto god leti i ima krila.\r\n15  Do─æe k Noju u kov─ìeg po dvoje od svakoga tijela, u kojem ima ┼╛iva du┼ía,\r\n16  Mu┼íko i ┼╛ensko od svakoga tijela u─æo┼íe, kao ┼íto bje┼íe Bog zapovjedio Noju; pa Gospod zatvori za njim.\r\n17  I bi potop na zemlji za ─ìetrdeset dana; i voda do─æe i uze kov─ìeg, i podi┼╛e ga od zemlje.\r\n18  I navali voda, i usta jako po zemlji, i kov─ìeg stade ploviti vodom.\r\n19  I navaljiva┼íe voda sve ve─çma po zemlji, i pokori sva najvi┼ía brda ┼íto su pod cijelijem nebom.\r\n20  Petnaest lakata do─æe voda iznad brda, po┼íto ih pokri.\r\n21  Tada izgibe svako tijelo ┼íto se mica┼íe na zemlji, ptice i stoka, i zvijeri i sve ┼íto gami┼╛e po zemlji, i svi ljudi.\r\n22  Sve ┼íto ima┼íe du┼íu ┼╛ivu u nosu, sve ┼íto bija┼íe na suhu, pomrije.\r\n23  I istrijebi se svako tijelo ┼╛ivo na zemlji, i ljudi i stoka i ┼íto god gami┼╛e i ptice nebeske, sve, velim, istrijebi se sa zemlje; samo Noje osta i ┼íto s njim bje┼íe u kov─ìegu.\r\n24  I staja┼íe voda povrh zemlje sto i pedeset dana.	
10	10	08	1 A Bog se opomenu Noja i svijeh zvijeri i sve stoke ┼íto bjehu s njim u kov─ìegu; i posla Bog vjetar na zemlju da uzbije vodu.\r\n2  I zatvori┼íe se izvori bezdanu i ustave nebeske, i da┼╛d s neba prestade.\r\n3  I stade voda opadati na zemlji, i jednako opada┼íe poslije sto i pedeset dana;\r\n4  Te se ustavi kov─ìeg sedmoga mjeseca dana sedamnaestoga na planini Araratu.\r\n5  I voda opada┼íe sve ve─çma do desetoga mjeseca; i prvoga dana desetoga mjeseca pokaza┼íe se vrhovi od brda.\r\n6  A poslije ─ìetrdeset dana otvori Noje prozor na kov─ìegu, koji bje┼íe na─ìinio;\r\n7  I ispusti gavrana, koji jednako odlijeta┼íe i dolijeta┼íe dokle ne presahnu voda na zemlji.\r\n8  Pa pusti i golubicu da bi vidio je li opala voda sa zemlje.\r\n9  A golubica ne na┼íav┼íi gdje bi stala nogom svojom vrati se k njemu u kov─ìeg, jer jo┼í bje┼íe voda po svoj zemlji; i Noje pru┼╛iv┼íi ruku uhvati je i uze k sebi u kov─ìeg.\r\n10  I po─ìeka jo┼í sedam dana, pa opet ispusti golubicu iz kov─ìega.\r\n11  I pred ve─ìe vrati se k njemu golubica, i gle, u kljunu joj list maslinov, koji bje┼íe otkinula; tako pozna Noje da je opala voda sa zemlje.\r\n12  Ali po─ìeka jo┼í sedam dana, pa opet ispusti golubicu, a ona mu se vi┼íe ne vrati.\r\n13  ┼áest stotina prve godine vijeka Nojeva prvi dan prvoga mjeseca usahnu voda na zemlji; i Noje otkri krov na kov─ìegu, i ugleda zemlju suhu.\r\n14  A drugoga mjeseca dvadeset sedmoga dana bje┼íe sva zemlja suha.\r\n15  Tada re─ìe Bog Noju govore─çi:\r\n16  Izidi iz kov─ìega ti i ┼╛ena tvoja i sinovi tvoji i ┼╛ene sinova tvojih s tobom;\r\n17  Sve zvijeri ┼íto su s tobom od svakoga tijela, ptice i stoku i ┼íto god gami┼╛e po zemlji, izvedi sa sobom, neka se razi─æu po zemlji, i neka se plode i mno┼╛e na zemlji.\r\n18  I izide Noje i sinovi njegovi i ┼╛ena njegova i ┼╛ene sinova njegovijeh s njim.\r\n19  Sve zvijeri, sve sitne ┼╛ivotinje, sve ptice i sve ┼íto se mi─ìe po zemlji po svojim vrstama izido┼íe iz kov─ìega.\r\n20  I na─ìini Noje ┼╛rtvenik Gospodu, i uze od svake ─ìiste stoke i od svijeh ptica ─ìistijeh, i prinese na ┼╛rtveniku ┼╛rtve paljenice.\r\n21  I Gospod omirisa miris ugodni, i re─ìe u srcu svojem: ne─çu vi┼íe kleti zemlje s ljudi, ┼íto je misao srca ─ìovje─ìijega zla od malena; niti ─çu vi┼íe ubijati svega ┼íto ┼╛ivi, kao ┼íto u─ìinih.\r\n22  Otsele dokle bude zemlje, ne─çe nestajati sjetve ni ┼╛etve, studeni ni vru─çine, ljeta ni zime, dana ni no─çi.	
11	11	09	1  I Bog blagoslovi Noja i sinove njegove, i re─ìe im; ra─æajte se i mno┼╛ite se i napunite zemlju;\r\n2  I sve zvijeri zemaljske i sve ptice nebeske i sve ┼íto ide po zemlji i sve ribe morske neka vas se boje i stra┼íe; sve je predano u va┼íe ruke.\r\n3  ┼áto se god mi─ìe i ┼╛ivi, neka vam bude za jelo, sve vam to dadoh kao zelenu travu.\r\n4  Ali ne jedite mesa s du┼íom njegovom, a to mu je krv.\r\n5  Jer ─çu i va┼íu krv, du┼íe va┼íe, iskati; od svake ─çu je zvijeri iskati; iz ruke samoga ─ìovjeka, iz ruke svakoga brata njegova iska─çu du┼íu ─ìovje─ìiju.\r\n6  Ko prolije krv ─ìovje─ìiju, njegovu ─çe krv proliti ─ìovjek; jer je Bog po svojemu obli─ìju stvorio ─ìovjeka.\r\n7  Ra─æajte se dakle i mno┼╛ite se; narodite se veoma na zemlji i namno┼╛ite se na njoj.\r\n8  I re─ìe Bog Noju i sinovima njegovijem s njim, govore─çi:\r\n9  A ja evo postavljam zavjet svoj s vama i s va┼íim sjemenom nakon vas,\r\n10  I sa svijem ┼╛ivotinjama, ┼íto su s vama od ptica, od stoke i od svega zvijerja zemaljskoga ┼íto je s vama, sa sva─ìim ┼íto je iza┼ílo iz kov─ìega, i sa svijem zvijerjem zemaljskim.\r\n11  Postavljam zavjet svoj s vama, te otsele ne─çe nijedno tijelo poginuti od potopa, niti ─çe vi┼íe biti potopa da zatre zemlju.\r\n12  I re─ìe Bog: evo znak zavjeta koji postavljam izme─æu sebe i vas i svake ┼╛ive tvari, koja je s vama do vijeka:\r\n13  Metnuo sam dugu svoju u oblake, da bude znak zavjeta izme─æu mene i zemlje.\r\n14  Pa kad oblake navu─ìem na zemlju, vidje─çe se duga u oblacima,\r\n15  I opomenu─çu se zavjeta svojega koji je izme─æu mene i vas i svake du┼íe ┼╛ive u svakom tijelu, i ne─çe vi┼íe biti od vode potopa da zatre svako tijelo.\r\n16  Duga ─çe biti u oblacima, pa ─çu je pogledati, i opomenu─çu se vje─ìnoga zavjeta izme─æu Boga i svake du┼íe ┼╛ive u svakom tijelu koje je na zemlji.\r\n17  I re─ìe Bog Noju: to je znak zavjeta koji sam u─ìinio izme─æu sebe i svakoga tijela na zemlji.\r\n18  A bijahu sinovi Nojevi koji izido┼íe iz kov─ìega: Sim i Ham i Jafet; a Ham je otac Hanancima.\r\n19  To su tri sina Nojeva, i od njih se naseli sva zemlja.\r\n20  A Noje po─ìe raditi zemlju, i posadi vinograd.\r\n21  I napiv se vina opi se, i otkri se nasred ┼íatora svojega.\r\n22  A Ham, otac Hanancima, vidje golotinju oca svojega, i kaza obojici bra─çe svoje na polju.\r\n23  A Sim i Jafet uze┼íe haljinu, i ogrnu┼íe je obojica na ramena svoja, i idu─çi natra┼íke pokri┼íe njom golotinju oca svojega, licem natrag okrenuv┼íi se da ne vide golotinje oca svojega.\r\n24  A kad se Noje probudi od vina, dozna ┼íta mu je u─ìinio mla─æi sin,\r\n25  I re─ìe: proklet da je Hanan, i da bude sluga slugama bra─çe svoje!\r\n26  I jo┼í re─ìe: blagosloven da je Gospod Bog Simov, i Hanan da mu bude sluga!\r\n27  Bog da ra┼íiri Jafeta da ┼╛ivi u ┼íatorima Simovijem, a Hanan da im bude sluga!\r\n28  I po┼╛ivje Noje poslije potopa trista i pedeset godina.\r\n29  A svega po┼╛ivje Noje devet stotina i pedeset godina; i umrije.	
12	12	10	1 A ovo su plemena sinova Nojevijeh, Sima, Hama i Jafeta, kojima se rodi┼íe sinovi poslije potopa.\r\n2  Sinovi Jafetovi: Gomer i Magog i Madaj i Javan i Tovel i Meseh i Tiras.\r\n3  A sinovi Gamerovi: Ashenas i Rifat i Togarma.\r\n4  A sinovi Javanovi: Elisa i Tarsis, Kitim i Dodanim.\r\n5  Od njih se razdijeli┼íe ostrva narodna na zemljama svojim, svako po jeziku svojemu i po porodicama svojim, u narodima svojim.\r\n6  A sinovi Hamovi: Hus i Mesrain, Fud i Hanan.\r\n7  A sinovi Husovi: Sava i Evila i Savata i Regma i Savataka. A sinovi Regmini: Sava i Dadan.\r\n8  Hus rodi i Nevroda; a on prvi bi silan na zemlji;\r\n9  Bje┼íe dobar lovac pred Gospodom; zato se ka┼╛e: dobar lovac pred Gospodom kao Nevrod.\r\n10  A po─ìetak carstvu njegovu bje┼íe Vavilon i Oreh i Arhad i Halani u zemlji Senaru.\r\n11  Iz te zemlje iza─æe Asur, i sazida Nineviju i Rovot grad i Halah,\r\n12  I Dasem izme─æu Ninevije i Halaha; to je grad velik.\r\n13  A Mesrain rodi Ludeje i Enemeje i Laveje i Neftaleje,\r\n14  I Patroseje i Hasmeje, odakle iza─æo┼íe Filisteji i Gaftoreji.\r\n15  A Hanan rodi Sidona, prvenca svojega, i Heta,\r\n16  I Jevuseja i Amoreja i Gergeseja,\r\n17  I Eveja i Arukeja i Aseneja,\r\n18  I Aradeja i Samareja i Amateja. A poslije se rasija┼íe plemena Hananejska.\r\n19  I bjehu me─æe Hananejske od Sidona idu─çi na Gerar pa do Gaze, i idu─çi na Sodom i Gomor i Adamu i Sevojim pa do Dasa.\r\n20  To su sinovi Hamovi po porodicama svojim i po jezicima svojim, u zemljama svojim i u narodima svojim.\r\n21  I Simu rodi┼íe se sinovi, najstarijemu bratu Jafetovu, ocu svijeh sinova Everovijeh.\r\n22  Sinovi Simovi bjehu: Elam i Asur i Arfaksad i Lud i Aram.\r\n23  A sinovi Aramovi: Uz i Ul i Gater i Mas.\r\n24  A arfaksad rodi Salu, a Sala rodi Evera.\r\n25  A Everu se rodi┼íe dva sina: jednom bje┼íe ime Falek, jer se u njegovo vrijeme razdijeli zemlja, a bratu njegovu ime Jektan.\r\n26  A Jektan rodi Elmodada i Saleta i Sarmota i Jaraha,\r\n27  I Odora i Evila i Deklu,\r\n28  I Evala i Avimaila i Savu,\r\n29  I Ufira i Evilu i Jovava; ti svi bjehu sinovi Jektanovi.\r\n30  I ┼╛ivljahu od Mase, kako se ide na Safir do gora isto─ìnijeh.\r\n31  To su sinovi Simovi po porodicama svojim i po jezicima svojim, u zemljama svojim i u narodima svojim;\r\n32  To su porodice sinova Nojevijeh po plemenima svojim, u narodima svojim; i od njih se razdijeli┼íe narodi po zemlji poslije potopa.	
13	13	11	1 A bija┼íe na cijeloj zemlji jedan jezik i jednake rije─ìi.\r\n2  A kad otido┼íe od istoka, na─æo┼íe ravnicu u zemlji Senarskoj, i naseli┼íe se ondje.\r\n3  Pa reko┼íe me─æu sobom: hajde da pravimo plo─ìe i da ih u vatri pe─ìemo. I bjehu im opeke mjesto kamena i smola zemljana mjesto kre─ìa.\r\n4  Poslije reko┼íe: hajde da sazidamo grad i kulu, kojoj ─çe vrh biti do neba, da ste─ìemo sebi ime, da se ne bismo rasijali po zemlji.\r\n5  A Gospod si─æe da vidi grad i kulu, ┼íto zidahu sinovi ─ìovje─ìiji.\r\n6  I re─ìe Gospod: gle, narod jedan, i jedan jezik u svijeh, i to po─ìe┼íe raditi, i ne─çe im smetati ni┼íta da ne urade ┼íto su naumili.\r\n7  Hajde da si─æemo, i da im pometimo jezik, da ne razumiju jedan drugoga ┼íto govore.\r\n8  Tako ih Gospod rasu odande po svoj zemlji, te ne sazida┼íe grada.\r\n9  Zato se prozva Vavilon, jer ondje pomete Gospod jezik cijele zemlje, i odande ih rasu Gospod po svoj zemlji.\r\n10  Ovo je pleme Simovo: bija┼íe Simu sto godina, kad rodi Arfaksada, druge godine poslije potopa.\r\n11  A rodiv Arfaksada po┼╛ivje Sim pet stotina godina, ra─æaju─çi sinove i k─çeri.\r\n12  A Arfaksad po┼╛ivje trideset i pet godina, i rodi Salu;\r\n13  A rodiv Salu po┼╛ivje Arfaksad ─ìetiri stotine i tri godine, ra─æaju─çi sinove i k─çeri.\r\n14  A Sala po┼╛ivje trideset godina, i rodi Evera;\r\n15  A rodiv Evera po┼╛ivje Sala ─ìetiri stotine i tri godine, ra─æaju─çi sinove i k─çeri.\r\n16  A Ever po┼╛ivje trideset i ─ìetiri godine, i rodi Faleka;\r\n17  A rodiv Faleka po┼╛ivje Ever ─ìetiri stotine i trideset godina, ra─æaju─çi sinove i k─çeri.\r\n18  A Falek po┼╛ivje trideset godina i rodi Ragava;\r\n19  A rodiv Ragava po┼╛ivje Falek dvjesta i devet godina, ra─æaju─çi sinove i k─çeri.\r\n20  A Ragav po┼╛ivje trideset i dvije godine i rodi Seruha;\r\n21  A rodiv Seruha po┼╛ivje Ragav dvjesta i sedam godina, ra─æaju─çi sinove i k─çeri.\r\n22  A Seruh po┼╛ivje trideset godina, i rodi Nahora;\r\n23  A rodiv Nahora po┼╛ivje Seruh dvjesta godina, ra─æaju─çi sinove i k─çeri.\r\n24  A Nahor po┼╛ivje dvadeset i devet godina, i rodi Taru;\r\n25  A rodiv Taru po┼╛ivje Nahor sto i devetnaest godina, ra─æaju─çi sinove i k─çeri.\r\n26  A Tara po┼╛ivje sedamdeset godina, i rodi Avrama, Nahora i Arana.\r\n27  A ovo je pleme Tarino: Tara rodi Avrama, Nahora i Arana; a Aran rodi Lota.\r\n28  I umrije Aran prije Tare oca svojega na postojbini svojoj, u Uru Haldejskom.\r\n29  I o┼╛eni se Avram i Nahor, i ┼╛eni Avramovoj bje┼íe ime Sara a ┼╛eni Nahorovoj ime Melha, k─çi Arama oca Melhe i Jeshe.\r\n30  A Sara bje┼íe nerotkinja, i ne ima┼íe poroda.\r\n31  I uze Tara sina svojega Avrama i Lota sina Aronova, unuka svojega, i Saru snahu svoju, ┼╛enu Avrama sina svojega; i po─æo┼íe zajedno iz Ura Haldejskoga da idu u zemlju Hanansku, i do─æo┼íe do Harana, i ondje se nastani┼íe.\r\n32  I po┼╛ivje Tara svega dvjesta i pet godina; i umrije Tara u Haranu.	
14	14	12	1 I re─ìe Gospod Avramu: idi iz zemlje svoje i od roda svojega i iz doma oca svojega u zemlju koju ─çu ti ja pokazati.\r\n2  I u─ìini─çu od tebe velik narod, i blagoslovi─çu te, i ime tvoje proslavi─çu, i ti ─çe┼í biti blagoslov.\r\n3  Blagoslovi─çu one koji tebe uzblagosiljaju, i prokle─çu one koji tebe usproklinju; i u tebi ─çe biti blagoslovena sva plemena na zemlji.\r\n4  Tada po─æe Avram, kao ┼íto mu kaza Gospod, i s njim po─æe Lot. A bje┼íe Avramu sedamdeset i pet godina kad po─æe iz Harana.\r\n5  I uze Avram Saru ┼╛enu svoju i Lota sina brata svojega sa svijem blagom koje bjehu stekli i s du┼íama koje bjehu dobili u Haranu; i po─æo┼íe u zemlju Hanansku, i do─æo┼íe u nju.\r\n6  I pro─æe Avram tu zemlju do mjesta Sihema i do ravnice More┼íke; a bijahu tada Hananeji u toj zemlji.\r\n7  I javi se Gospod Avramu i re─ìe: tvojemu sjemenu da─çu zemlju ovu. I Avram na─ìini ondje ┼╛rtvenik Gospodu, koji mu se javio.\r\n8  Poslije otide odande na brdo koje je prema istoku od Vetilja, i ondje razape ┼íator svoj, te mu Vetilj bje┼íe sa zapada a Gaj s istoka; i ondje na─ìini Gospodu ┼╛rtvenik, i prizva ime Gospodnje.\r\n9  Odande otide Avram dalje idu─çi na jug.\r\n10  Ali nasta glad u onoj zemlji, te Avram si─æe u Misir da se ondje skloni; jer glad bje┼íe velika u onoj zemlji.\r\n11  A kad se pribli┼╛i da ve─ç u─æe u Misir, re─ìe Sari ┼╛eni svojoj: gle, znam da si ┼╛ena lijepa u licu.\r\n12  Zato kad te vide Misirci re─çi ─çe: ovo mu je ┼╛ena. Pa ─çe me ubiti, a tebe ─çe ostaviti u ┼╛ivotu.\r\n13  Nego hajde ka┼╛i da si mi sestra, te ─çe meni biti dobro tebe radi i osta─çu u ┼╛ivotu uz tebe.\r\n14  I kad do─æe Avram u Misir, vidje┼íe Misirci ┼╛enu da je vrlo lijepa.\r\n15  I vidje┼íe je knezovi Faraonovi, i hvali┼íe je pred Faraonom. I uze┼íe je u dvor Faraonov.\r\n16  I on ─ìinja┼íe dobro Avramu nje radi, te ima┼íe ovaca i goveda i magaraca i sluga i slu┼íkinja i magarica i kamila.\r\n17  Ali Gospod pusti velika zla na Faraona i na dom njegov radi Sare ┼╛ene Avramove.\r\n18  Tada dozva Faraon Avrama i re─ìe mu: ┼íta mi to u─ìini? za┼íto mi nijesi kazao da ti je ┼╛ena?\r\n19  Za┼íto si kazao: sestra mi je? te je uzeh za ┼╛enu. Sad eto ti ┼╛ene, uzmi je, pa idi.\r\n20  I Faraon zapovjedi ljudima za nj, te ga isprati┼íe i ┼╛enu njegovu i ┼íto god ima┼íe.	
15	15	13	1 Tako otide Avram iz Misira gore na jug, on i ┼╛ena mu i sve ┼íto ima┼íe, tako─æer i Lot s njim.\r\n2  A bija┼íe Avram vrlo bogat stokom, srebrom i zlatom.\r\n3  I i─æa┼íe svojim putovima od juga sve do Vetilja, do mjesta gdje mu prvo bija┼íe ┼íator, izme─æu Vetilja i Gaja,\r\n4  Do mjesta, gdje pre─æe bje┼íe na─ìinio ┼╛rtvenik; i ondje prizva Avram ime Gospodnje.\r\n5  A i Lot koji i─æa┼íe s Avramom ima┼íe ovaca i goveda i ┼íatora.\r\n6  I zemlja ne moga┼íe ih nositi zajedno, jer blago njihovo bija┼íe veliko da ne mogahu ┼╛ivjeti zajedno,\r\n7  I bija┼íe sva─æa me─æu pastirima Avramove stoke i pastirima Lotove stoke. A u to vrijeme ┼╛ivljahu Hananeji i Ferezeji u onoj zemlji.\r\n8  Pa Avram re─ìe Lotu: nemoj da se sva─æamo ja i ti, ni moji pastiri i tvoji pastiri; jer smo bra─ça.\r\n9  Nije li ti otvorena cijela zemlja? Odijeli se od mene. Ako ─çe┼í ti na lijevo, ja ─çu na desno; ako li ─çe┼í ti na desno, ja ─çu na lijevo.\r\n10  Tada Lot podi┼╛e o─ìi svoje i sagleda svu ravnicu Jordansku, kako cijelu natapa┼íe rijeka, bje┼íe kao vrt Gospodnji, kao zemlja Misirska, sve do Zagora, prije nego Gospod zatr Sodom i Gomor.\r\n11  I Lot izabra sebi svu ravnicu Jordansku, i otide Lot na istok; i razdijeli┼íe se jedan od drugoga:\r\n12  Avram ┼╛ivlja┼íe u zemlji Hananskoj, a Lot ┼╛ivlja┼íe po gradovima u onoj ravnici premje┼ítaju─çi svoje ┼íatore do Sodoma.\r\n13  A ljudi u Sodomu bijahu nevaljali, i grije┼íahu Gospodu veoma.\r\n14  A Gospod re─ìe Avramu, po┼íto se Lot odijeli od njega: podigni sada o─ìi svoje, pa pogledaj s mjesta gdje si na sjever i na jug i na istok i na zapad.\r\n15  Jer svu zemlju ┼íto vidi┼í tebi ─çu dati i sjemenu tvojemu do vijeka.\r\n16  I u─ìini─çu da sjemena tvojega bude kao praha na zemlji; ako ko uzmo┼╛e izbrojiti prah na zemlji, mo─çi ─çe izbrojiti i sjeme tvoje.\r\n17  Ustani, i prolazi tu zemlju u du┼╛inu i u ┼íirinu; jer ─çu je tebi dati.\r\n18  I Avram di┼╛e ┼íatore, i do─æe i naseli se u ravnici Mamrijskoj, koja je kod Hevrona, i ondje na─ìini ┼╛rtvenik Gospodu.	
16	16	14	1 A kad bje┼íe Amarfal car Senarski, Arion car Elasarski, Hodologomor car Elamski i Targal car Gojimski,\r\n2  Zavoj┼íti┼íe na Valu cara Sodomskoga, i na Varsu cara Gomorskoga, i na Senara cara Adamskoga, i na Simovora cara Sevojimskoga i na cara od Valake, koji je sada Sigor.\r\n3  Svi se ovi skupi┼íe u dolini Sidimskoj, koja je sada slano more.\r\n4  Dvanaest godina bjehu slu┼╛ili Hodologomoru, pa trinaeste godine odmetnu┼íe se.\r\n5  A ─ìetrnaeste godine do─æe Hodologomor i carevi koji bijahu s njim, i pobi┼íe Rafaje u Astarotu Karnajimskom i Zuzeje u Amu i Omeje u polju Kirijatajskom,\r\n6  I Horeje u planini njihovoj Siru do ravnice Faranske pokraj pustinje.\r\n7  Otuda vrativ┼íi se do─æo┼íe u En-Mispat, koji je sada Kadis, i isjeko┼íe sve koji ┼╛ivljahu u zemlji Amali─ìkoj, i Amoreje koji ┼╛ivljahu u Asason-Tamaru.\r\n8  Tada izide car Sodomski i car Gomorski i car Adamski i car Sevojimski i car od Valahe, koja je sada Sigor, izido┼íe na njih u dolinu Sidimsku,\r\n9  Na Hodologomora cara Elamskoga, i na Targala cara Gojimskoga, i na Amarfala cara Senarskoga, i na Arioha cara Elasarskoga, ─ìetiri cara na pet.\r\n10  A u dolini Sidimskoj bija┼íe mnogo rupa iz kojih se vadila smola; i pobje┼╛e car Sodomski i car Gomorski, i ondje pado┼íe, a ┼íto osta pobje┼╛e u planinu.\r\n11  I uze┼íe sve blago u Sodomu i Gomoru i svu hranu njihovu, i otido┼íe.\r\n12  Uze┼íe i Lota, sinovca Avramova, i blago njegovo, i otido┼íe, jer ┼╛ivlja┼íe u Sodomu.\r\n13  A do─æe jedan koji bje┼íe utekao, te javi Avramu Jevrejinu, koji ┼╛ivlje┼íe u ravni Mamrija Amorejina, brata Esholu i brata Avnanu, koji bjehu u vjeri s Avramom.\r\n14  A kad Avram ─ìu da mu se zarobio sinovac, naoru┼╛a sluge svoje, trista osamnaest, koji se rodi┼íe u njegovoj ku─çi, i po─æe u potjeru do Dana.\r\n15  Ondje razrediv┼íi svoje udari na njih no─çu sa slugama svojim, i razbi ih, i otjera ih do Hovala, koji je na lijevo od Damaska,\r\n16  I povrati sve blago; povrati i Lota sinovca svojega s blagom njegovijem, i ┼╛ene i ljude.\r\n17  A car Sodomski izide mu na susret kad se vrati razbiv┼íi Hodologomora i careve ┼íto bijahu s njim, u dolinu Savinu, koje je sada dolina careva.\r\n18  A Melhisedek car Salimski iznese hljeb i vino; a on bija┼íe sve┼ítenik Boga vi┼ínjega.\r\n19  I blagoslovi ga govore─çi: blagosloven da je Avram Bogu vi┼ínjemu, ─ìije je nebo i zemlja!\r\n20  I blagosloven da je Bog vi┼ínji, koji predade neprijatelje tvoje u ruke tvoje! I dade mu Avram desetak od svega.\r\n21  A car Sodomski re─ìe Avramu: daj meni ljude, a blago uzmi sebi.\r\n22  A Avram re─ìe caru Sodomskom: di┼╛em ruku svoju ka Gospodu Bogu vi┼ínjemu, ─ìije je nebo i zemlja, zaklinju─çi se:\r\n23  Ni konca ni remena od obu─çe ne─çu uzeti od svega ┼íto je tvoje, da ne re─ìe┼í: ja sam obogatio Avrama;\r\n24  Osim ┼íto su pojeli momci, i osim dijela ljudima koji su i┼íli sa mnom, Esholu, Avnanu i Mamriju, oni neka uzmu svoj dio.	
17	17	15	1 Poslije ovijeh stvari do─æe Avramu rije─ì Gospodnja u utvari govore─çi: ne boj se, Avrame, ja sam ti ┼ítit, i plata je tvoja vrlo velika.\r\n2  A Avram re─ìe: Gospode, Gospode, ┼íta ─çe┼í mi dati kad ┼╛ivim bez djece, a na kom ─çe ostati moja ku─ça to je Elijezer ovaj Dama┼ítanin?\r\n3  Jo┼í re─ìe Avram: eto meni nijesi dao poroda, pa ─çe sluga ro─æen u ku─çi mojoj biti moj na┼íljednik.\r\n4  A gle, Gospod mu progovori: ne─çe taj biti na┼íljednik tvoj, nego koji ─çe iza─çi od tebe taj ─çe ti biti na┼íljednik.\r\n5  Pa ga izvede napolje i re─ìe mu: pogledaj na nebo i prebroj zvijezde, ako ih mo┼╛e┼í prebrojiti. I re─ìe mu: tako ─çe ti biti sjeme tvoje.\r\n6  I povjerova Avram Bogu, a on mu primi to u pravdu.\r\n7  I re─ìe mu: ja sam Gospod, koji te izvedoh iz Ura Haldejskoga da ti dam zemlju ovu da bude tvoja.\r\n8  A on re─ìe: Gospode, Gospode, po ─ìemu ─çu poznati da ─çe biti moja?\r\n9  I re─ìe mu: prinesi mi junicu od tri godine i kozu od tri godine i ovna od tri godine i grlicu i golup─ìe.\r\n10  I on uze sve to, i rasije─ìe na pole, i metnu sve pole jednu prema drugoj; ali ne rasije─ìe ptica.\r\n11  A ptice slijetahu na te mrtve ┼╛ivotinje; a Avram ih odgonja┼íe.\r\n12  A kad sunce bje┼íe na zahodu, uhvati Avrama tvrd san, i gle, strah i mrak velik obuze ga.\r\n13  I Gospod re─ìe Avramu: znaj zacijelo da ─çe sjeme tvoje biti do┼íljaci u zemlji tu─æoj, pa ─çe joj slu┼╛iti, i ona ─çe ih mu─ìiti ─ìetiri stotine godina.\r\n14  Ali ─çu suditi i narodu kojemu ─çe slu┼╛iti; a poslije ─çe oni iza─çi s velikim blagom.\r\n15  A ti ─çe┼í oti─çi k ocima svojim u miru, i bi─çe┼í pogreben u dobroj starosti.\r\n16  A oni ─çe se u ─ìetvrtom koljenu vratiti ovamo; jer grijesima Amorejskim jo┼í nije kraj.\r\n17  A kad se sunce smiri i kad se smr─ìe, gle, pe─ç se dimlja┼íe, i plamen ognjeni prola┼╛a┼íe izme─æu onijeh dijelova.\r\n18  Taj dan u─ìini Gospod zavjet s Avramom govore─çi: sjemenu tvojemu dadoh zemlju ovu od vode Misirske do velike vode, vode Efrata,\r\n19  Kenejsku, Kenezejsku i Kedmonejsku,\r\n20  I Hetejsku i Ferezejsku i Rafajsku,\r\n21  I Amorejsku i Hananejsku i Gergesejsku i Jevusejsku.	
18	18	16	1  Ali Sara ┼╛ena Avramova ne ra─æa┼íe mu djece. A ima┼íe robinju Misirku, po imenu Agaru.\r\n2  Pa re─ìe Sara Avramu: Gospod me je zatvorio da ne rodim; nego idi k robinji mojoj, ne bih li dobila djece od nje. I Avram prista na rije─ì Sarinu.\r\n3  I Sara ┼╛ena Avramova uze Agaru Misirku robinju svoju, i dade je za ┼╛enu Avramu mu┼╛u svojemu poslije deset godina otkako se nastani Avram u zemlji Hananskoj.\r\n4  I on otide k Agari, i ona zatrudnje; a kad vidje da je trudna, ponese se od gospo─æe svoje.\r\n5  A Sara re─ìe Avramu: uvreda moja pade na tebe; ja ti metnu na krilo robinju svoju, a ona vidjev┼íi da je trudna ponese se od mene. Gospod ─çe suditi meni i tebi.\r\n6  A Avram re─ìe Sari: eto, robinja je tvoja u tvojim rukama, ─ìini s njom ┼íto ti je volja. I Sara je stade zlostaviti, te ona pobje┼╛e od nje.\r\n7  Ali an─æeo Gospodnji na─æe je kod studenca u pustinji, kod studenca na putu u Sur.\r\n8  I re─ìe joj: Agaro, robinjo Sarina, otkuda ide┼í, kuda li ide┼í? A ona re─ìe: bje┼╛im od Sare gospo─æe svoje.\r\n9  A an─æeo joj Gospodnji re─ìe: vrati se gospo─æi svojoj i pokori joj se.\r\n10  Opet joj re─ìe an─æeo Gospodnji: umno┼╛i─çu veoma sjeme tvoje, da se ne─çe mo─çi prebrojiti od mno┼╛ine.\r\n11  Jo┼íte joj re─ìe an─æeo Gospodnji: eto si trudna, i rodi─çe┼í sina, i nadjeni mu ime Ismailo; jer je Gospod vidio muku tvoju.\r\n12  A bi─çe ─ìovjek ubojica; ruka ─çe se njegova dizati na svakoga a sva─ìija na njega, i nastava─çe na pogledu svoj bra─çi svojoj.\r\n13  Tada Agara prizva ime Gospoda koji govori s njom: ti si Bog, koji vidi. Jer govora┼íe: zar jo┼í gledam iza onoga koji me vidje?\r\n14  Toga radi zove se studenac onaj studenac ┼╛ivoga koji me vidi; a on je izme─æu Kadisa i Varada.\r\n15  I rodi Agara Avramu sina; i nadjede Avram sinu svojemu, kojega mu rodi Agara, ime Ismailo.\r\n16  A bje┼íe Avramu osamdeset i ┼íest godina kad mu Agara rodi Ismaila.	
19	19	17	1 A kad Avramu bi devedeset i devet godina, javi mu se Gospod i re─ìe mu: ja sam Bog svemogu─çi, po mojoj volji ┼╛ivi i budi po┼íten.\r\n2  I u─ìini─çu zavjet izme─æu sebe i tebe, i vrlo ─çu te umno┼╛iti.\r\n3  A Avram pade ni─ìice. I Gospod mu jo┼í govori i re─ìe:\r\n4  Od mene evo zavjet moj s tobom da ─çe┼í biti otac mnogim narodima.\r\n5  Zato se vi┼íe ne─çe┼í zvati Avram nego ─çe ti ime biti Avraam, jer sam te u─ìinio ocem mnogih naroda;\r\n6  Da─çu ti porodicu vrlo veliku, i na─ìini─çu od tebe narode mnoge, i carevi ─çe iza─çi od tebe.\r\n7  A postavljam zavjet svoj izme─æu sebe i tebe i sjemena tvojega nakon tebe od koljena do koljena, da je zavjet vje─ìan, da sam Bog tebi i sjemenu tvojemu nakon tebe;\r\n8  I da─çu tebi i sjemenu tvojemu nakon tebe zemlju u kojoj si do┼íljak, svu zemlju Hanansku u dr┼╛avu vje─ìnu, i bi─çu im Bog.\r\n9  I re─ìe Bog Avramu: ti pak dr┼╛i zavjet moj, ti i sjeme tvoje nakon tebe od koljena do koljena.\r\n10  A ovo je zavjet moj izme─æu mene i vas i sjemena tvojega nakon tebe, koje ─çe te dr┼╛ati: da se obrezuje izme─æu vas sve mu┼íkinje.\r\n11  A obreziva─çete okrajak tijela svojega, da bude znak zavjeta izme─æu mene i vas.\r\n12  Svako mu┼íko dijete kad mu bude osam dana da se obrezuje od koljena do koljena, rodilo se u ku─çi ili bilo kupljeno za novce od kojih god stranaca, koje ne bude od sjemena tvojega.\r\n13  Da se obrezuje koje se rodi u ku─çi tvojoj i koje se kupi za novce tvoje; tako ─çe biti zavjet moj na tijelu va┼íem zavjet vje─ìan.\r\n14  A neobrezano mu┼íko, kojemu se ne obre┼╛e okrajak tijela njegova, da se istrijebi iz naroda svojega jer pokvari zavjet moj.\r\n15  I jo┼í re─ìe Bog Avramu: a Saru ┼╛enu svoju ne zovi je vi┼íe Sara nego neka joj bude ime Saara.\r\n16  I ja ─çu je blagosloviti, i da─çu ti sina od nje; blagoslovi─çu je, i bi─çe mati mnogim narodima, i carevi narodima iza─çi ─çe od nje.\r\n17  Tada pade Avram ni─ìice i nasmija se govore─çi u srcu svojemu: eda ─çe se ─ìovjeku od sto godina roditi sin? i Sari? eda ─çe ┼╛ena od devedeset godina roditi?\r\n18  I Avram re─ìe Bogu: neka ┼╛iv bude Ismailo pred tobom!\r\n19  I re─ìe Bog: zaista Sara ┼╛ena tvoja rodi─çe ti sina, i nadje─çe┼í mu ime Isak; i postavi─çu zavjet svoj s njim da bude zavjet vje─ìan sjemenu njegovu nakon njega.\r\n20  A i za Ismaila usli┼íio sam te; evo blagoslovio sam ga, i da─çu mu porodicu veliku, i umno┼╛i─çu ga veoma; i rodi─çe dvanaest knezova, i u─ìini─çu od njega velik narod.\r\n21  A zavjet svoj u─ìini─çu s Isakom kad ti ga rodi Sara, do godine u ovo doba.\r\n22  I Bog izgovoriv┼íi otide od Avrama gore.\r\n23  I Avram uze Ismaila sina svojega i sve koji se rodi┼íe u domu njegovu i koje god bje┼íe kupio za svoje novce, sve mu┼íkinje od doma─çih svojih; i obreza okrajak tijela njihova u isti dan, kao ┼íto mu kaza Bog.\r\n24  A bije┼íe Avramu devedeset i devet godina kad obreza okrajak tijela svojega.\r\n25  A Ismailu sinu njegovu bje┼íe trinaest godina kad mu se obreza okrajak tijela njegova.\r\n26  U jedan dan obreza se Avram i sin mu Ismailo,\r\n27  I svi doma┼ínji njegovi, ro─æeni u ku─çi i kupljeni za novce od stranaca, bi┼íe obrezani s njim.	
20	20	18	1 Poslije mu se javi Gospod u ravnici Mamrijskoj kad sje─æa┼íe na vratima pred ┼íatorom svojim u podne.\r\n2  Podigav┼íi o─ìi svoje pogleda, i gle, tri ─ìovjeka stajahu prema njemu. I ugledav┼íi ih potr─ìa im u susret ispred vrata ┼íatora svojega, i pokloni se do zemlje;\r\n3  I re─ìe: Gospode, ako sam na┼íao milost pred tobom, nemoj pro─çi sluge svojega.\r\n4  Da vam donesemo malo vode i operite noge, te se naslonite malo pod ovijem drvetom.\r\n5  I iznije─çu malo hljeba, te potkrijepite srce svoje, pa onda po─æite, kad idete pored sluge svojega. I reko┼íe: u─ìini ┼íto si kazao.\r\n6  I Avram otr─ìa u ┼íator k Sari, i re─ìe: br┼╛e zamijesi tri kopanje bijeloga bra┼ína i ispeci poga─ìe.\r\n7  Pa otr─ìa ka govedima i uhvati tele mlado i dobro, i dade ga momku da ga br┼╛e zgotovi.\r\n8  Pa onda iznese masla i mlijeka i tele koje bje┼íe zgotovio, i postavi im, a sam staja┼íe pred njima pod drvetom dokle je─æahu.\r\n9  I oni mu reko┼íe: gdje je Sara ┼╛ena tvoja? A on re─ìe: eno je pod ┼íatorom.\r\n10  A jedan izme─æu njih re─ìe: do godine u ovo doba opet ─çu do─çi k tebi, a Sara ─çe ┼╛ena tvoja imati sina. A Sara slu┼ía┼íe na vratima od ┼íatora iza njega.\r\n11  A Avram i Sara bijahu stari i vremeniti, i u Sare bje┼íe prestalo ┼íto biva u ┼╛ena.\r\n12  Zato se nasmija Sara u sebi govore─çi: po┼íto sam ostarjela, sad li ─çe mi do─çi radost? a i gospodar mi je star.\r\n13  Tada re─ìe Gospod Avramu: ┼íto se smije Sara govore─çi: istina li je da ─çu roditi kad sam ostarjela?\r\n14  Ima li ┼íto te┼íko Gospodu? Do godine u ovo doba opet ─çu do─çi k tebi, a Sara ─çe imati sina.\r\n15  A Sara udari u bah govore─çi: nijesam se smijala. Jer se upla┼íi. Ali on re─ìe: nije istina, nego si se smijala.\r\n16  Potom usta┼íe ljudi odande, i po─æo┼íe put Sodoma; a Avram po─æe s njima da ih isprati.\r\n17  A Gospod re─ìe: kako bih tajio od Avrama ┼íta ─çu u─ìiniti,\r\n18  Kad ─çe od Avrama postati velik i silan narod, i u njemu ─çe se blagosloviti svi narodi na zemlji?\r\n19  Jer znam da ─çe zapovijediti sinovima svojima i domu svojemu nakon sebe da se dr┼╛e puteva Gospodnjih i da ─ìine ┼íto je pravo i dobro, da bi Gospod navr┼íio na Avramu ┼íto mu je obe─çao.\r\n20  I re─ìe Gospod: vika je u Sodomu i Gomoru velika, i grijeh je njihov grdan.\r\n21  Zato ─çu si─çi da vidim eda li sve ─ìine kao ┼íto vika do─æe preda me; ako li nije tako, da znam.\r\n22  I ljudi okrenuv┼íi se po─æo┼íe put Sodoma; ali Avram jo┼í staja┼íe pred Gospodom,\r\n23  I pristupiv Avram re─ìe: ho─çe┼í li pogubiti i pravednoga s nepravednim?\r\n24  Mo┼╛e biti da ima pedeset pravednika u gradu; ho─çe┼í li i njih pogubiti, i ne─çe┼í oprostiti mjestu za onijeh pedeset pravednika ┼íto su u njemu?\r\n25  Nemoj to ─ìiniti, ni gubiti pravednika s nepravednikom, da bude pravedniku kao i nepravedniku; nemoj; eda li sudija cijele zemlje ne─çe suditi pravo?\r\n26  I re─ìe Gospod: ako na─æem u Sodomu pedeset pravednika u gradu, oprosti─çu cijelom mjestu njih radi.\r\n27  A Avram odgovori i re─ìe: gle, sada bih progovorio Gospodu, ako i jesam prah i pepeo.\r\n28  Mo┼╛e biti pravednika pedeset manje pet, ho─çe┼í li za ovijeh pet potrti sav grad? Odgovori: ne─çu, ako na─æem ─ìetrdeset i pet.\r\n29  I stade dalje govoriti, i re─ìe: mo┼╛e biti da ─çe se na─çi ─ìetrdeset. Re─ìe: ne─çu radi onijeh ─ìetrdeset.\r\n30  Potom re─ìe: nemoj se gnjeviti, Gospode, ┼íto ─çu re─çi; mo┼╛e biti da ─çe se na─çi trideset. I re─ìe: ne─çu, ako na─æem trideset.\r\n31  Opet re─ìe: gle, sada bih progovorio Gospodu; mo┼╛e biti da ─çe se na─çi dvadeset. Re─ìe: ne─çu ih pogubiti za onijeh dvadeset.\r\n32  Najposlije re─ìe: nemoj se gnjeviti, Gospode, ┼íto ─çu jo┼í jednom progovoriti; mo┼╛e biti da ─çe se na─çi deset. Re─ìe: ne─çu ih pogubiti radi onijeh deset.\r\n33  I Gospod otide svr┼íiv┼íi razgovor sa Avramom; a Avram se vrati na svoje mjesto.	
21	21	19	1 A uve─ìe do─æo┼íe dva an─æela u Sodom; a Lot sje─æa┼íe na vratima Sodomskim; i kad ih ugleda, ustade te ih srete, i pokloni se licem do zemlje,\r\n2  I re─ìe: hodite, gospodo, u ku─çu sluge svojega, i preno─çite i operite noge svoje; pa sjutra rano kad ustanete po─æite svojim putem. A oni reko┼íe: ne, nego ─çemo preno─çiti na ulici.\r\n3  Ali on navali na njih, te se uvrati┼íe k njemu i u─æo┼íe u ku─çu njegovu, i on ih ugosti, i ispe─ìe hljebova prijesnijeh, i jedo┼íe.\r\n4  I jo┼í ne bjehu legli, a gra─æani Sodomljani slego┼íe se oko ku─çe, staro i mlado, sav narod sa svijeh krajeva,\r\n5  I vikahu Lota i govorahu mu: gdje su ljudi ┼íto do─æo┼íe sino─ç k tebi? izvedi ih k nama da ih poznamo.\r\n6  A Lot izide k njima pred vrata zatvoriv vrata za sobom,\r\n7  I re─ìe im: nemojte, bra─ço, ─ìiniti zla.\r\n8  Evo imam dvije k─çeri, koje jo┼í ne pozna┼íe ─ìovjeka; njih ─çu vam izvesti, pa ─ìinite s njima ┼íto vam je volja; samo ne dirajte u one ljude, jer su zato u┼íli pod moj krov.\r\n9  A oni mu reko┼íe: hodi amo. Pa onda reko┼íe: ovaj je sam do┼íao amo da ┼╛ivi kao do┼íljak, pa jo┼í ho─çe da nam sudi; sad ─çemo tebi u─ìiniti gore nego njima. Pa navali┼íe jako na ─ìovjeka, na Lota, i stado┼íe istavljati vrata.\r\n10  A ona dva ─ìovjeka digo┼íe ruke, i uvuko┼íe Lota k sebi u ku─çu, i zatvori┼íe vrata.\r\n11  A ljudi ┼íto bijahu pred vratima ku─çnim ujedanput oslijepi┼íe od najmanjega do najve─çega, te ne mogahu na─çi vrata.\r\n12  Tada ona dva ─ìovjeka reko┼íe Lotu: ako ima┼í ovdje jo┼í koga svoga, ili zeta ili sina ili k─çer, ili koga god svoga u ovom gradu, gledaj nek idu odavde;\r\n13  Jer ho─çemo da zatremo mjesto ovo, jer je vika njihova velika pred Gospodom, pa nas posla Gospod da ga zatremo.\r\n14  I izide Lot, i kaza zetovima svojim, za koje ┼í─ça┼íe dati k─çeri svoje, i re─ìe im: ustajte, idite iz mjesta ovoga, jer ─çe sada zatrti Gospod grad ovaj. Ali se zetovima njegovijem u─ìini da se ┼íali.\r\n15  A kad zora zabijelje, navali┼íe an─æeli na Lota govore─çi: ustani, uzmi ┼╛enu svoju i dvije k─çeri svoje koje su tu, da ne pogine┼í u bezakonju grada toga.\r\n16  A on se stade ┼í─ìinjati, te ljudi uze┼íe za ruku njega i ┼╛enu njegovu i dvije k─çeri njegove, jer ga bje┼íe ┼╛ao Gospodu, i izvedo┼íe ga i pusti┼íe iza grada.\r\n17  I kad ih izvedo┼íe napolje, re─ìe jedan: izbavi du┼íu svoju i ne obziri se natrag, i u cijeloj ovoj ravni da nijesi stao; bje┼╛i na ono brdo da ne pogine┼í.\r\n18  A Lot im re─ìe: nemoj, Gospode!\r\n19  Gle, sluga tvoj na─æe milosti pred tobom, i milost je tvoja prevelika koju mi u─ìini sa─ìuvav┼íi mi ┼╛ivot; ali ne mogu ute─çi na brdo da me ne stigne zlo i ne poginem.\r\n20  Eno grad blizu; onamo se mo┼╛e ute─çi, a mali je; da bje┼╛imo onamo; ta mali je, te ─çu ostati ┼╛iv.\r\n21  A on mu re─ìe: eto poslu┼ía─çu te i zato, i ne─çu zatrti grada, za koji re─ìe.\r\n22  Br┼╛e bje┼╛i onamo; jer ne mogu ─ìiniti ni┼íta dok ne stigne┼í onamo. Zato se prozva onaj grad Sigor.\r\n23  I kad sunce ogranu po zemlji, Lot do─æe u Sigor.\r\n24  Tada pusti Gospod na Sodom i na Gomor od Gospoda s neba da┼╛d od sumpora i ognja,\r\n25  I zatr one gradove i svu onu ravan, i sve ljude u gradovima i rod zemaljski.\r\n26  Ali ┼╛ena Lotova bje┼íe se obazrela idu─çi za njim, i posta slan kamen.\r\n27  A sjutradan rano ustav┼íi Avram, otide na mjesto gdje je stajao pred Gospodom;\r\n28  I pogleda na Sodom i Gomor i svu okolinu po onoj ravni, i ugleda, a to se diza┼íe dim od zemlje kao dim iz pe─çi.\r\n29  Ali kad Bog zatira┼íe gradove u onoj ravni, opomenu se Bog Avrama, i izvede Lota iz propasti kad zatr gradove gdje ┼╛ivlja┼íe Lot.\r\n30  A Lot otide iz Sigora i stani se na onom brdu s dvije k─çeri svoje, jer se boja┼íe ostati u Sigoru; i ┼╛ivlja┼íe u pe─çini s dvije k─çeri svoje.\r\n31  A starija re─ìe mla─æoj: na┼í je otac star, a nema nikoga na zemlji da do─æe k nama kao ┼íto je obi─ìaj po svoj zemlji.\r\n32  Hajde da damo ocu vina neka se opije, pa da legnemo s njim, eda bismo sa─ìuvale sjeme ocu svojemu.\r\n33  I dado┼íe ocu vina onu no─ç; i do┼íav┼íi starija le┼╛e s ocem svojim, i on ne osjeti ni kad ona le┼╛e ni kad ustade.\r\n34  A sjutradan re─ìe starija mla─æoj: gle, no─ças spavah s ocem svojim. Da mu damo vina i dove─ìe, pa idi ti i lezi s njim, eda bismo sa─ìuvale sjeme ocu svojemu.\r\n35  Pa i to ve─ìe dado┼íe ocu vina i ustav┼íi mla─æa le┼╛e s njim, i on ne osjeti ni kad ona le┼╛e ni kad ustade.\r\n36  I obje k─çeri Lotove zatrudnje┼íe od oca svojega.\r\n37  I starija rodi sina, i nadjede mu ime Moav; od njega su Moavci do dana┼ínjega dana.\r\n38  Pa i mla─æa rodi sina, i nadjede mu ime Ven-Amije; od njega su Amonci do dana┼ínjega dana.	
\.


--
-- Data for Name: blog_folder; Type: TABLE DATA; Schema: public; Owner: postgres
--

COPY public.blog_folder (id, name, slug, language) FROM stdin;
1	Come Unto Me	come-unto-me	Engleski
2	Domka family and friends	domka-family-and-friends	Instrumental
3	Novi Sad 2021.07.11	novi-sad-20210711	Srpski
4	Novi Sad 2019.12.16.	novi-sad-20191216	Srpski
\.


--
-- Data for Name: blog_foldersluzbe; Type: TABLE DATA; Schema: public; Owner: postgres
--

COPY public.blog_foldersluzbe (id, name, slug) FROM stdin;
2	Miroslav Papuga	miroslav-papuga
5	Andrija Murtin	andrija-murtin
6	Toma Virag	toma-virag
9	Karlo Hrubik	karlo-hrubik
10	Velja Murić	velja-muric
1	Milan Vujanić	milan-vujanic
3	Jovan Munćan	jovan-muncan
4	Petar Rakić	petar-rakic
7	Duško Isakov	dusko-isakov
8	Karlo Hrubik mlađi	karlo-hrubik-mlai
11	Zoran Đerđ	zoran-er
\.


--
-- Data for Name: blog_pojanjapost; Type: TABLE DATA; Schema: public; Owner: postgres
--

COPY public.blog_pojanjapost (id, audio, title, album, user_id, artist, folder_id) FROM stdin;
1	audio/pojanja/09_Come_Unto_Me.mp3	09 Come Unto Me	Come Unto Me	1	\N	1
2	audio/pojanja/01_O_Master_Let_Me_Walk_With_Thee_X3yg4yT.mp3	01 O, Master, Let Me Walk With Thee	Come Unto Me	1	\N	1
3	audio/pojanja/02_Since_Jesus_Came_Into_My_Heart.mp3	02 Since Jesus Came Into My Heart	Come Unto Me	1	\N	1
4	audio/pojanja/06-Track-06_Igen_j├│_dolog.mp3	06 Igen j├│ dolog	Domka family and friends	1	\N	2
5	audio/pojanja/01-Track-01_J├⌐zus_lelkem_megv├ílt├│ja.mp3	01 J├⌐zus lelkem megv├ílt├│ja	Domka family and friends	1	\N	2
6	audio/pojanja/03_The_Light_Upon_The_Shore.mp3	03 The Light Upon The Shore	Come Unto Me	1	\N	1
7	audio/pojanja/HS_295._Bla┼╛en_mir.mp3	HS 295. Bla┼╛en mir	Novi Sad 2021.07.11	1	\N	3
8	audio/pojanja/04_And_Can_It_Be.mp3	04 And Can It Be	Come Unto Me	1	\N	1
9	audio/pojanja/05_Onward_Christian_Soldiers.mp3	05 Onward, Christian Soldiers	Come Unto Me	1	\N	1
10	audio/pojanja/06_All_Come_And_Thank_The_Lord.mp3	06 All Come And Thank The Lord	Come Unto Me	1	\N	1
11	audio/pojanja/07_Our_Mission.mp3	07 Our Mission	Come Unto Me	1	\N	1
12	audio/pojanja/08_He_Bore_It_All.mp3	08 He Bore It All	Come Unto Me	1	\N	1
13	audio/pojanja/10_I_Need_Jesus.mp3	10 I Need Jesus	Come Unto Me	1	\N	1
14	audio/pojanja/11_Ten_Thousand_Times_Ten_Thousand.mp3	11 Ten Thousand Times Ten Thousand	Come Unto Me	1	\N	1
15	audio/pojanja/12_Were_You_There_.mp3	12 Were You There_	Come Unto Me	1	\N	1
16	audio/pojanja/13_He_Holds_The_Key.mp3	13 He Holds The Key	Come Unto Me	1	\N	1
17	audio/pojanja/14_Jesus_Savior_Pilot_Me.mp3	14 Jesus, Savior, Pilot Me	Come Unto Me	1	\N	1
18	audio/pojanja/15_Take_Up_Thy_Cross.mp3	15 Take Up Thy Cross	Come Unto Me	1	\N	1
19	audio/pojanja/16_Unity.mp3	16 Unity	Come Unto Me	1	\N	1
20	audio/pojanja/09.ZS1._U_tamnoj_noci.mp3	09 ZS 001. U tamnoj no─çi	Novi Sad 2019.12.16.	1	\N	4
\.


--
-- Data for Name: blog_sluzbapost; Type: TABLE DATA; Schema: public; Owner: postgres
--

COPY public.blog_sluzbapost (id, title, content, slug, user_id, publish_date, "timestamp", updated, audio, glava, tema, folder_id) FROM stdin;
1	Hrubik Karlo mla─æi		1	1	1997-07-06	2024-08-07 12:55:51.221+02	2024-08-30 16:24:06.307+02	audio/sluzbe/0390_Hrubik_Karlo_ml-_Matej_20.gl.___06.07.1997.mp3	Matej 20.	\N	8
16	Hrubik Karlo		2	1	1991-05-26	2024-08-07 19:49:30.731+02	2024-09-02 15:57:26.181+02	audio/sluzbe/0080_Karlo_Hrubik_-_Otkr._6__7-1-6___26.05.1991.__Tuma─çenje_simbola.mp3	Otkrivenje 06 i Otkrivenje 07:1-6	Tuma─ìenje simbola	9
18	Murtin Andrija		murtin-andrija	1	2011-06-05	2024-08-27 15:40:50.594+02	2024-10-02 16:45:05.574+02	audio/sluzbe/Murtin_Andrija_-_Jovan_4_1-30__05.06.2011.mp3	Jovan 4:1-30	\N	5
20	Milan Vujani─ç		milan-vujanic	1	2017-12-24	2024-08-27 15:42:54.081+02	2024-10-02 16:30:18.812+02	audio/sluzbe/Milan_V_HFqvLHu._-_OTKRIVENJE_13_11-18.___24.12.2017..mp3	Otkrivenje 13:11-18	\N	1
22	Virag Toma		virag-toma	1	2010-05-23	2024-08-27 15:44:39.256+02	2024-08-30 22:06:42.261+02	audio/sluzbe/2051_Virag_Toma_-_Mat.5__Gal.6.___23.05.2010.mp3	Matej 5. i Galatima 6.	\N	6
23	Isakov Du┼íko		isakov-dusko-24082008	1	2008-08-24	2024-08-27 15:46:04.325+02	2024-08-30 16:23:30.698+02	audio/sluzbe/1464_Isakov_Du┼íko_-_1.Moj.28__1.Petrova_4.gl.__24.08.2008..mp3	1. Mojsijeva 28. i 1. Petrova 4.	\N	7
24	Papuga Miroslav		papuga-miroslav	1	2017-02-26	2024-08-27 15:46:57.147+02	2024-08-30 16:23:36.292+02	audio/sluzbe/170226-PapugaMiroslavRim6_o_savesti..mp3	Rimljanima 6.	O savesti	2
26	Zoran ─Éer─æ		zoran-er	1	2014-11-16	2024-08-30 22:06:03.781+02	2024-08-30 22:06:03.781+02	audio/sluzbe/296._Zemun_-_Zoran_i_Zarko_16_11_2014_poslepodne_-_prva_knjiga_Mojsijeva_45_glava.mp3	1. Mojsijeva 45. glava	\N	11
25	Murć Velja		muric-velja	1	1964-12-21	2024-08-30 21:10:09.217+02	2025-01-03 19:02:12.999325+01	audio/sluzbe/0028_Muri─ç_Velja_-_1.Mojsijeva___21.12.1964.mp3	1. Mojsijeva 01. glava	\N	10
17	Hrubik Karlo mlađi		3	1	1992-06-07	2024-08-27 13:48:24.563+02	2025-01-03 19:04:36.321715+01	audio/sluzbe/0104_Hrubik_Karlo_ml-_1_ZLnnnoZ.Car.6.__Otk.21___07.06.1992.mp3	1. Carevima 6. i Otkrivenje 21.	\N	8
21	Rakić Petar		rakic-petar	1	2011-09-18	2024-08-27 15:43:43.704+02	2025-01-03 19:05:20.791927+01	audio/sluzbe/110918_Raki─ç_Petar_-_Jovan_14__Otk.7.___18.09.2011..mp3	Jovan 14 i Otkrivenje 07.	\N	4
19	Munćan Jovan		muncan-jovan	1	2013-08-18	2024-08-27 15:41:45.281+02	2025-01-03 19:06:51.708157+01	audio/sluzbe/130818-MunćanJovan_Marko4_9T7nWQG.mp3	Marko 4.	\N	3
\.


--
-- Data for Name: django_admin_log; Type: TABLE DATA; Schema: public; Owner: postgres
--

COPY public.django_admin_log (id, action_time, object_id, object_repr, action_flag, change_message, content_type_id, user_id) FROM stdin;
1	2024-07-27 17:25:58.865+02	1	teni	2	[]	4	1
2	2024-07-27 17:28:44.546+02	1	teni	2	[{"changed": {"fields": ["email"]}}]	4	1
3	2024-07-31 17:56:13.967+02	2	BlogPost object (2)	1	[{"added": {}}]	7	1
4	2024-08-03 14:53:17.857+02	3	BlogPost object (3)	1	[{"added": {}}]	7	1
5	2024-08-06 11:11:37.316+02	2	BlogPost object (2)	2	[{"changed": {"fields": ["slug"]}}]	7	1
6	2024-08-06 11:11:42.705+02	3	BlogPost object (3)	2	[{"changed": {"fields": ["slug"]}}]	7	1
7	2024-08-06 15:53:05.065+02	7	BlogPost object (7)	3		7	1
8	2024-08-06 15:55:21.115+02	9	BlogPost object (9)	3		7	1
9	2024-08-06 15:55:25.204+02	8	BlogPost object (8)	3		7	1
10	2024-08-06 16:23:19.887+02	2	korisnik	1	[{"added": {}}]	4	1
11	2024-08-06 16:25:27.047+02	3	123	1	[{"added": {}}]	4	1
12	2024-08-06 16:26:41.253+02	3	123	3		4	1
13	2024-08-06 16:26:41.268+02	2	korisnik	3		4	1
14	2024-08-06 17:55:45.21+02	4	author	1	[{"added": {}}]	4	1
15	2024-08-06 17:55:51.77+02	4	author	2	[{"changed": {"fields": ["is_staff"]}}]	4	1
16	2024-08-06 17:56:30.185+02	11	BlogPost object (11)	1	[{"added": {}}]	7	1
17	2024-08-06 17:56:34.271+02	11	BlogPost object (11)	2	[]	7	1
18	2024-08-06 17:56:40.803+02	11	BlogPost object (11)	2	[]	7	1
19	2024-08-06 17:57:02.602+02	4	author	3		4	1
20	2024-08-06 18:13:16.831+02	5	simi	1	[{"added": {}}]	4	1
21	2024-08-06 18:13:38.34+02	5	simi	2	[{"changed": {"fields": ["is_staff"]}}]	4	1
22	2024-08-06 19:29:40.522+02	1	BlogPost object (1)	2	[{"changed": {"fields": ["content"]}}]	7	1
23	2024-08-07 12:56:20.503+02	1	BlogPost object (1)	2	[]	7	1
24	2024-08-07 12:56:29.019+02	1	BlogPost object (1)	2	[]	7	1
25	2024-08-07 12:57:46.539+02	1	BlogPost object (1)	2	[{"changed": {"fields": ["publish_date"]}}]	7	1
26	2024-08-07 13:00:45.488+02	3	BlogPost object (3)	2	[{"changed": {"fields": ["publish_date"]}}]	7	1
27	2024-08-07 13:00:50.89+02	4	BlogPost object (4)	2	[{"changed": {"fields": ["publish_date"]}}]	7	1
28	2024-08-07 13:01:10.105+02	5	BlogPost object (5)	2	[{"changed": {"fields": ["publish_date"]}}]	7	1
29	2024-08-07 13:01:14.711+02	6	BlogPost object (6)	2	[{"changed": {"fields": ["publish_date"]}}]	7	1
30	2024-08-07 13:01:19.747+02	10	BlogPost object (10)	2	[{"changed": {"fields": ["publish_date"]}}]	7	1
31	2024-08-07 13:01:23.964+02	11	BlogPost object (11)	2	[{"changed": {"fields": ["user", "publish_date"]}}]	7	1
32	2024-08-07 13:01:28.834+02	12	BlogPost object (12)	2	[{"changed": {"fields": ["publish_date"]}}]	7	1
33	2024-08-07 13:02:26.935+02	1	BlogPost object (1)	2	[]	7	1
34	2024-08-07 13:02:52.198+02	1	BlogPost object (1)	2	[{"changed": {"fields": ["publish_date"]}}]	7	1
35	2024-08-07 13:07:23.744+02	1	BlogPost object (1)	2	[{"changed": {"fields": ["publish_date"]}}]	7	1
36	2024-08-07 13:07:44.68+02	1	BlogPost object (1)	2	[{"changed": {"fields": ["publish_date"]}}]	7	1
37	2024-08-07 13:22:37.546+02	13	BlogPost object (13)	1	[{"added": {}}]	7	1
38	2024-08-07 13:23:09.32+02	13	BlogPost object (13)	2	[{"changed": {"fields": ["publish_date"]}}]	7	1
39	2024-08-07 13:29:48.553+02	14	BlogPost object (14)	1	[{"added": {}}]	7	1
40	2024-08-07 19:17:23.895+02	14	BlogPost object (14)	2	[{"changed": {"fields": ["image"]}}]	7	1
41	2024-08-07 19:17:52.715+02	14	BlogPost object (14)	2	[]	7	1
42	2024-08-07 19:18:01.934+02	14	BlogPost object (14)	2	[{"changed": {"fields": ["publish_date"]}}]	7	1
43	2024-08-07 19:45:44.823+02	15	BlogPost object (15)	2	[{"changed": {"fields": ["publish_date"]}}]	7	1
44	2024-08-07 19:50:00.155+02	16	BlogPost object (16)	2	[{"changed": {"fields": ["publish_date"]}}]	7	1
45	2024-08-27 12:05:24.713+02	16	BlogPost object (16)	2	[{"changed": {"fields": ["Image"]}}]	7	1
46	2024-08-27 12:06:04.568+02	15	BlogPost object (15)	3		7	1
47	2024-08-27 12:06:04.568+02	14	BlogPost object (14)	3		7	1
48	2024-08-27 12:06:04.568+02	13	BlogPost object (13)	3		7	1
49	2024-08-27 12:06:04.568+02	12	BlogPost object (12)	3		7	1
50	2024-08-27 12:06:04.568+02	11	BlogPost object (11)	3		7	1
51	2024-08-27 12:06:04.568+02	10	BlogPost object (10)	3		7	1
52	2024-08-27 12:06:04.568+02	6	BlogPost object (6)	3		7	1
53	2024-08-27 12:06:04.568+02	5	BlogPost object (5)	3		7	1
54	2024-08-27 12:06:04.568+02	4	BlogPost object (4)	3		7	1
55	2024-08-27 12:06:04.568+02	3	BlogPost object (3)	3		7	1
56	2024-08-27 12:17:26.455+02	16	BlogPost object (16)	2	[{"changed": {"fields": ["Title", "Slug", "Content", "Publish date"]}}]	7	1
57	2024-08-27 13:36:17.266+02	16	BlogPost object (16)	2	[{"changed": {"fields": ["Glava", "Tema", "Content"]}}]	7	1
58	2024-08-27 13:41:47.243+02	16	BlogPost object (16)	2	[{"changed": {"fields": ["Glava"]}}]	7	1
59	2024-08-27 13:46:42.162+02	1	BlogPost object (1)	2	[{"changed": {"fields": ["Title", "Glava", "Publish date"]}}]	7	1
60	2024-08-27 13:48:24.566+02	17	BlogPost object (17)	1	[{"added": {}}]	7	1
61	2024-08-27 13:48:53.273+02	1	BlogPost object (1)	2	[{"changed": {"fields": ["Image", "Content"]}}]	7	1
62	2024-08-27 13:49:03.053+02	17	BlogPost object (17)	2	[{"changed": {"fields": ["Image"]}}]	7	1
63	2024-08-27 13:49:33.827+02	16	BlogPost object (16)	2	[{"changed": {"fields": ["Title", "Publish date"]}}]	7	1
64	2024-08-27 13:58:43.813+02	1	BlogPost object (1)	2	[{"changed": {"fields": ["Publish date"]}}]	7	1
65	2024-08-27 13:58:51.556+02	1	BlogPost object (1)	2	[{"changed": {"fields": ["Slug"]}}]	7	1
66	2024-08-27 13:59:18.092+02	16	BlogPost object (16)	2	[{"changed": {"fields": ["Slug", "Publish date"]}}]	7	1
67	2024-08-27 13:59:22.604+02	16	BlogPost object (16)	2	[]	7	1
68	2024-08-27 13:59:54.073+02	17	BlogPost object (17)	2	[{"changed": {"fields": ["Slug", "Publish date"]}}]	7	1
69	2024-08-27 14:19:23.175+02	18	ds	1	[{"added": {}}]	7	1
70	2024-08-27 14:19:48.085+02	18	ds	2	[]	7	1
71	2024-08-27 14:19:54.47+02	19	d	1	[{"added": {}}]	7	1
72	2024-08-27 14:20:02.828+02	19	ds	2	[{"changed": {"fields": ["Title"]}}]	7	1
73	2024-08-27 14:20:07.386+02	19	ds	2	[]	7	1
74	2024-08-27 14:20:11.872+02	20	ds	1	[{"added": {}}]	7	1
75	2024-08-27 14:20:17.131+02	19	ds	2	[]	7	1
76	2024-08-27 14:20:23.015+02	20	ds	3		7	1
77	2024-08-27 14:20:30.871+02	19	ds	3		7	1
78	2024-08-27 14:20:30.871+02	18	ds	3		7	1
79	2024-08-27 14:34:42.571+02	1	Hrubik Karlo mla─æi	2	[{"changed": {"fields": ["Image"]}}]	7	1
80	2024-08-27 14:34:51.66+02	1	Hrubik Karlo mla─æi	2	[{"changed": {"fields": ["Image"]}}]	7	1
81	2024-08-27 14:42:07.937+02	17	Hrubik Karlo mla─æi	2	[{"changed": {"fields": ["Audio"]}}]	7	1
82	2024-08-27 14:42:13.284+02	17	Hrubik Karlo mla─æi	2	[]	7	1
83	2024-08-27 14:42:23.082+02	1	Hrubik Karlo mla─æi	2	[{"changed": {"fields": ["Audio"]}}]	7	1
84	2024-08-27 14:42:31.421+02	16	Hrubik Karlo	2	[{"changed": {"fields": ["Audio"]}}]	7	1
85	2024-08-27 15:08:30.825+02	1	Hrubik Karlo mla─æi	2	[{"changed": {"fields": ["Audio"]}}]	7	1
86	2024-08-27 15:08:39.316+02	16	Hrubik Karlo	2	[{"changed": {"fields": ["Audio"]}}]	7	1
87	2024-08-27 15:08:44.717+02	1	Hrubik Karlo mla─æi	2	[]	7	1
88	2024-08-27 15:08:52.524+02	17	Hrubik Karlo mla─æi	2	[{"changed": {"fields": ["Audio"]}}]	7	1
89	2024-08-27 15:13:37.822+02	17	Hrubik Karlo mla─æi	2	[{"changed": {"fields": ["Audio"]}}]	7	1
90	2024-08-27 15:40:50.595+02	18	Murtin Andrija	1	[{"added": {}}]	7	1
91	2024-08-27 15:41:45.283+02	19	Mun─çan Jovan	1	[{"added": {}}]	7	1
92	2024-08-27 15:42:54.084+02	20	Milan Vujani─ç	1	[{"added": {}}]	7	1
93	2024-08-27 15:43:43.705+02	21	Raki─ç Petar	1	[{"added": {}}]	7	1
94	2024-08-27 15:44:39.259+02	22	Virag Toma	1	[{"added": {}}]	7	1
95	2024-08-27 15:46:04.326+02	23	Isakov Du┼íko -   24.08.2008.	1	[{"added": {}}]	7	1
96	2024-08-27 15:46:57.149+02	24	Papuga Miroslav	1	[{"added": {}}]	7	1
97	2024-08-27 16:03:13.104+02	1	PojanjaPost object (1)	1	[{"added": {}}]	9	1
98	2024-08-27 16:03:48.243+02	1	PojanjaPost object (1)	2	[]	9	1
99	2024-08-27 16:04:09.035+02	1	PojanjaPost object (1)	2	[]	9	1
100	2024-08-27 16:04:34.453+02	2	PojanjaPost object (2)	1	[{"added": {}}]	9	1
101	2024-08-27 16:06:21.603+02	1	09 Come Unto Me	2	[{"changed": {"fields": ["Title"]}}]	9	1
102	2024-08-27 16:42:51.961+02	2	01 O, Master, Let Me Walk With Thee	2	[]	9	1
103	2024-08-27 16:43:53.423+02	3	02 Since Jesus Came Into My Heart	1	[{"added": {}}]	9	1
104	2024-08-27 18:15:39.916+02	4	06 Igen j├│ dolog	1	[{"added": {}}]	9	1
105	2024-08-27 18:15:56.67+02	5	01 J├⌐zus lelkem megv├ílt├│ja	1	[{"added": {}}]	9	1
106	2024-08-28 13:14:46.532+02	1	Folder object (1)	1	[{"added": {}}]	10	1
107	2024-08-28 13:14:54.376+02	2	01 O, Master, Let Me Walk With Thee	2	[{"changed": {"fields": ["Folder"]}}]	9	1
108	2024-08-28 13:14:58+02	3	02 Since Jesus Came Into My Heart	2	[{"changed": {"fields": ["Folder"]}}]	9	1
109	2024-08-28 13:15:01.34+02	1	09 Come Unto Me	2	[]	9	1
110	2024-08-28 13:34:19.046+02	2	Folder object (2)	1	[{"added": {}}]	10	1
111	2024-08-28 13:34:27.74+02	5	01 J├⌐zus lelkem megv├ílt├│ja	2	[{"changed": {"fields": ["Folder"]}}]	9	1
112	2024-08-28 13:34:31.15+02	4	06 Igen j├│ dolog	2	[{"changed": {"fields": ["Folder"]}}]	9	1
113	2024-08-28 13:53:06.581+02	1	09 Come Unto Me	2	[{"changed": {"fields": ["Folder"]}}]	9	1
114	2024-08-28 14:08:28.135+02	6	03 The Light Upon The Shore	1	[{"added": {}}]	9	1
115	2024-08-28 14:12:04.874+02	7	HS 295. Bla┼╛en mir	1	[{"added": {}}]	9	1
116	2024-08-28 14:12:18.404+02	7	HS 295. Bla┼╛en mir	2	[]	9	1
117	2024-08-28 14:12:22.297+02	3	Novi Sad 2021.07.11	1	[{"added": {}}]	10	1
118	2024-08-28 14:12:29.096+02	7	HS 295. Bla┼╛en mir	2	[{"changed": {"fields": ["Folder"]}}]	9	1
119	2024-08-28 15:56:26.626+02	6	nazareni	1	[{"added": {}}]	4	1
120	2024-08-28 15:57:22.473+02	6	nazareni	2	[]	4	1
121	2024-08-28 16:57:25.675+02	20	Milan Vujani─ç	2	[{"changed": {"fields": ["Audio"]}}]	7	1
122	2024-08-28 16:58:33.447+02	20	Milan Vujani─ç	2	[{"changed": {"fields": ["Audio"]}}]	7	1
123	2024-08-28 17:00:55.713+02	2	01 O, Master, Let Me Walk With Thee	2	[{"changed": {"fields": ["Audio"]}}]	9	1
124	2024-08-28 17:42:27.578+02	2	01 O, Master, Let Me Walk With Thee	2	[{"changed": {"fields": ["Audio"]}}]	9	1
125	2024-08-28 17:42:58.19+02	20	Milan Vujani─ç	2	[{"changed": {"fields": ["Audio"]}}]	7	1
126	2024-08-29 16:58:55.639+02	8	04 And Can It Be	1	[{"added": {}}]	9	1
127	2024-08-29 16:59:13.245+02	9	05 Onward, Christian Soldiers	1	[{"added": {}}]	9	1
128	2024-08-29 16:59:27.498+02	10	06 All Come And Thank The Lord	1	[{"added": {}}]	9	1
129	2024-08-29 16:59:43.231+02	11	07 Our Mission	1	[{"added": {}}]	9	1
130	2024-08-29 16:59:57.501+02	12	08 He Bore It All	1	[{"added": {}}]	9	1
131	2024-08-29 17:00:11.75+02	13	10 I Need Jesus	1	[{"added": {}}]	9	1
132	2024-08-29 17:00:24.02+02	14	11 Ten Thousand Times Ten Thousand	1	[{"added": {}}]	9	1
133	2024-08-29 17:00:42.375+02	15	12 Were You There_	1	[{"added": {}}]	9	1
134	2024-08-29 17:00:58.207+02	16	13 He Holds The Key	1	[{"added": {}}]	9	1
135	2024-08-29 17:01:09.999+02	17	14 Jesus, Savior, Pilot Me	1	[{"added": {}}]	9	1
136	2024-08-29 17:01:21.339+02	18	15 Take Up Thy Cross	1	[{"added": {}}]	9	1
137	2024-08-29 17:01:35.894+02	19	16 Unity	1	[{"added": {}}]	9	1
138	2024-08-30 16:13:56.57+02	1	Milan Vujani─ç	1	[{"added": {}}]	11	1
139	2024-08-30 16:14:06.71+02	20	Milan Vujani─ç	2	[{"changed": {"fields": ["Folder"]}}]	7	1
140	2024-08-30 16:21:45.467+02	2	Miroslav Papuga	1	[{"added": {}}]	11	1
141	2024-08-30 16:22:04.107+02	3	Jovan Mun─çan	1	[{"added": {}}]	11	1
142	2024-08-30 16:22:17.006+02	4	Petar Raki─ç	1	[{"added": {}}]	11	1
143	2024-08-30 16:22:27.366+02	5	Andrija Murtin	1	[{"added": {}}]	11	1
144	2024-08-30 16:22:34.99+02	6	Toma Virag	1	[{"added": {}}]	11	1
145	2024-08-30 16:22:49.52+02	7	Du┼íko Isakov	1	[{"added": {}}]	11	1
146	2024-08-30 16:23:02.88+02	8	Karlo Hrubik mla─æi	1	[{"added": {}}]	11	1
147	2024-08-30 16:23:13.909+02	9	Karlo Hrubik	1	[{"added": {}}]	11	1
148	2024-08-30 16:23:30.706+02	23	Isakov Du┼íko	2	[{"changed": {"fields": ["Title", "Folder"]}}]	7	1
149	2024-08-30 16:23:36.294+02	24	Papuga Miroslav	2	[{"changed": {"fields": ["Folder"]}}]	7	1
150	2024-08-30 16:23:41.195+02	19	Mun─çan Jovan	2	[{"changed": {"fields": ["Folder"]}}]	7	1
151	2024-08-30 16:23:47.009+02	21	Raki─ç Petar	2	[{"changed": {"fields": ["Folder"]}}]	7	1
152	2024-08-30 16:23:53.905+02	18	Murtin Andrija	2	[{"changed": {"fields": ["Folder"]}}]	7	1
153	2024-08-30 16:24:00.926+02	22	Virag Toma	2	[{"changed": {"fields": ["Folder"]}}]	7	1
154	2024-08-30 16:24:06.311+02	1	Hrubik Karlo mla─æi	2	[{"changed": {"fields": ["Folder"]}}]	7	1
155	2024-08-30 16:24:10.349+02	16	Hrubik Karlo	2	[{"changed": {"fields": ["Folder"]}}]	7	1
156	2024-08-30 16:50:16.127+02	17	Hrubik Karlo mla─æi	2	[{"changed": {"fields": ["Folder"]}}]	7	1
157	2024-08-30 17:33:55.323+02	1	Prva knjiga Mojsijeva	1	[{"added": {}}]	12	1
158	2024-08-30 17:35:45.367+02	1	1.	1	[{"added": {}}]	14	1
159	2024-08-30 17:37:53.698+02	1	Stvaranje sveta. ─îovjek obli─ìje Bo┼╛je	1	[{"added": {}}]	13	1
160	2024-08-30 18:58:19.109+02	1	Prva knjiga Mojsijeva	3		12	1
161	2024-08-30 19:03:35.838+02	2	Prva knjiga Mojsijeva	1	[{"added": {}}]	12	1
162	2024-08-30 19:03:49.047+02	1	Prva knjiga Mojsijeva - 1.	1	[{"added": {}}]	14	1
163	2024-08-30 19:04:03.129+02	1	Text for 1.	1	[{"added": {}}]	13	1
164	2024-08-30 19:16:02.128+02	1	Text for 1.	2	[{"changed": {"fields": ["Content"]}}]	13	1
165	2024-08-30 19:18:59.927+02	1	Text for 1.	2	[{"changed": {"fields": ["Content"]}}]	13	1
166	2024-08-30 19:33:04.054+02	3	Druga knjiga Mojsijeva	1	[{"added": {}}]	12	1
167	2024-08-30 19:33:36.264+02	2	Druga knjiga Mojsijeva - 2.	1	[{"added": {}}]	14	1
168	2024-08-30 19:33:44.72+02	2	Druga knjiga Mojsijeva - 2.	2	[]	14	1
169	2024-08-30 19:33:54.181+02	3	Druga knjiga Mojsijeva - 1.	1	[{"added": {}}]	14	1
170	2024-08-30 19:34:41.85+02	2	Text for 2.	1	[{"added": {}}]	13	1
171	2024-08-30 19:35:23.282+02	3	Text for 1.	1	[{"added": {}}]	13	1
172	2024-08-30 19:35:58.945+02	2	Text for 2.	2	[{"changed": {"fields": ["Content"]}}]	13	1
173	2024-08-30 20:03:20.806+02	1	Sveto jevan─æelje po Mateju	1	[{"added": {}}]	15	1
174	2024-08-30 20:03:30.122+02	1	Sveto jevan─æelje po Mateju - 1.	1	[{"added": {}}]	17	1
175	2024-08-30 20:04:20.748+02	1	Text for 1.	1	[{"added": {}}]	16	1
176	2024-08-30 20:09:03.553+02	1	Text for 1.	2	[{"changed": {"fields": ["Audio"]}}]	16	1
177	2024-08-30 20:36:28.2+02	1	Text for 1.	2	[]	16	1
178	2024-08-30 20:36:38.012+02	1	Text for 1.	2	[]	13	1
179	2024-08-30 21:02:33.665+02	1	Matej	2	[{"changed": {"fields": ["Name"]}}]	15	1
180	2024-08-30 21:02:49.613+02	2	1.  Mojsijeva	2	[{"changed": {"fields": ["Name"]}}]	12	1
181	2024-08-30 21:02:55.332+02	3	2. Mojsijeva	2	[{"changed": {"fields": ["Name"]}}]	12	1
182	2024-08-30 21:08:33.404+02	10	Velja Muri─ç	1	[{"added": {}}]	11	1
183	2024-08-30 21:10:09.22+02	25	Muri─ç Velja	1	[{"added": {}}]	7	1
184	2024-08-30 21:17:20.936+02	1	1.  Mojsijeva 1.	2	[{"changed": {"fields": ["Audio"]}}]	13	1
185	2024-08-30 21:38:18.333+02	4	3. Mojsijeva	1	[{"added": {}}]	12	1
186	2024-08-30 21:38:33.605+02	5	4. Mojsijeva	1	[{"added": {}}]	12	1
187	2024-08-30 21:38:57.85+02	6	5. Mojsijeva	1	[{"added": {}}]	12	1
188	2024-08-30 21:39:39.582+02	7	Knjiga Isusa Navina	1	[{"added": {}}]	12	1
189	2024-08-30 21:39:59.972+02	8	Knjiga o sudijama	1	[{"added": {}}]	12	1
190	2024-08-30 21:40:14.574+02	9	Knjiga o Ruti	1	[{"added": {}}]	12	1
191	2024-08-30 21:40:34.166+02	10	1. Samuilova	1	[{"added": {}}]	12	1
192	2024-08-30 21:40:43.983+02	11	2. Samuilova	1	[{"added": {}}]	12	1
193	2024-08-30 21:40:53.334+02	12	1. Carevima	1	[{"added": {}}]	12	1
194	2024-08-30 21:40:58.076+02	13	2. Carevima	1	[{"added": {}}]	12	1
195	2024-08-30 21:41:09.855+02	14	1. Dnevnika	1	[{"added": {}}]	12	1
196	2024-08-30 21:41:15.846+02	15	2. Dnevnika	1	[{"added": {}}]	12	1
197	2024-08-30 21:41:32.912+02	16	Knjiga Jezdirina	1	[{"added": {}}]	12	1
198	2024-08-30 21:41:43.765+02	17	Knjiga Nemijina	1	[{"added": {}}]	12	1
199	2024-08-30 21:41:53.403+02	18	Knjiga o Jestiri	1	[{"added": {}}]	12	1
200	2024-08-30 21:42:09.12+02	19	Jov	1	[{"added": {}}]	12	1
201	2024-08-30 21:42:16.197+02	20	Psalmi	1	[{"added": {}}]	12	1
202	2024-08-30 21:42:40.344+02	21	Pri─ìe Solomunove	1	[{"added": {}}]	12	1
203	2024-08-30 21:43:14.76+02	22	Knjiga propovednikova	1	[{"added": {}}]	12	1
204	2024-08-30 21:43:23.02+02	23	Pesma nad pesmama	1	[{"added": {}}]	12	1
205	2024-08-30 21:43:49.973+02	24	Isaija	1	[{"added": {}}]	12	1
206	2024-08-30 21:43:57.781+02	25	Jeremija	1	[{"added": {}}]	12	1
207	2024-08-30 21:44:08.651+02	26	Pla─ì Jeremijin	1	[{"added": {}}]	12	1
208	2024-08-30 21:44:22.57+02	27	Jezekilj	1	[{"added": {}}]	12	1
209	2024-08-30 21:44:31.798+02	28	Danilo	1	[{"added": {}}]	12	1
210	2024-08-30 21:44:36.147+02	29	Osije	1	[{"added": {}}]	12	1
211	2024-08-30 21:44:44.028+02	30	Joil	1	[{"added": {}}]	12	1
212	2024-08-30 21:44:49.808+02	31	Amos	1	[{"added": {}}]	12	1
213	2024-08-30 21:44:55.905+02	32	Avdija	1	[{"added": {}}]	12	1
214	2024-08-30 21:45:00.93+02	33	Jona	1	[{"added": {}}]	12	1
215	2024-08-30 21:45:10.249+02	34	Miheja	1	[{"added": {}}]	12	1
216	2024-08-30 21:45:17.763+02	35	Nauma	1	[{"added": {}}]	12	1
217	2024-08-30 21:45:25.822+02	36	Avakum	1	[{"added": {}}]	12	1
218	2024-08-30 21:45:33.191+02	37	Sofonije	1	[{"added": {}}]	12	1
219	2024-08-30 21:45:38.308+02	38	Agej	1	[{"added": {}}]	12	1
220	2024-08-30 21:45:43.499+02	39	Zaharije	1	[{"added": {}}]	12	1
221	2024-08-30 21:45:49.574+02	40	Malahije	1	[{"added": {}}]	12	1
222	2024-08-30 21:46:03.214+02	35	Naum	2	[{"changed": {"fields": ["Name", "Slug"]}}]	12	1
223	2024-08-30 21:46:08.972+02	34	Mihej	2	[{"changed": {"fields": ["Name", "Slug"]}}]	12	1
224	2024-08-30 21:47:04.122+02	4	1.  Mojsijeva - 2.	1	[{"added": {}}]	14	1
225	2024-08-30 21:47:17.377+02	5	1.  Mojsijeva - 3.	1	[{"added": {}}]	14	1
226	2024-08-30 21:47:23.551+02	6	1.  Mojsijeva - 4.	1	[{"added": {}}]	14	1
227	2024-08-30 21:47:29.362+02	7	1.  Mojsijeva - 5.	1	[{"added": {}}]	14	1
228	2024-08-30 21:47:31.938+02	8	1.  Mojsijeva - 6.	1	[{"added": {}}]	14	1
229	2024-08-30 21:47:33.813+02	9	1.  Mojsijeva - 7.	1	[{"added": {}}]	14	1
230	2024-08-30 21:47:35.953+02	10	1.  Mojsijeva - 8.	1	[{"added": {}}]	14	1
231	2024-08-30 21:47:37.872+02	11	1.  Mojsijeva - 9.	1	[{"added": {}}]	14	1
232	2024-08-30 21:47:41.081+02	12	1.  Mojsijeva - 10.	1	[{"added": {}}]	14	1
233	2024-08-30 21:47:44.009+02	13	1.  Mojsijeva - 11.	1	[{"added": {}}]	14	1
234	2024-08-30 21:47:46.737+02	14	1.  Mojsijeva - 12.	1	[{"added": {}}]	14	1
235	2024-08-30 21:47:51.832+02	15	1.  Mojsijeva - 13.	1	[{"added": {}}]	14	1
236	2024-08-30 21:47:55.507+02	16	1.  Mojsijeva - 14.	1	[{"added": {}}]	14	1
237	2024-08-30 21:47:59.983+02	17	1.  Mojsijeva - 15.	1	[{"added": {}}]	14	1
238	2024-08-30 21:48:03.401+02	18	1.  Mojsijeva - 16.	1	[{"added": {}}]	14	1
239	2024-08-30 21:48:06.948+02	19	1.  Mojsijeva - 17.	1	[{"added": {}}]	14	1
240	2024-08-30 21:48:11.069+02	20	1.  Mojsijeva - 18.	1	[{"added": {}}]	14	1
241	2024-08-30 21:48:14.789+02	21	1.  Mojsijeva - 19.	1	[{"added": {}}]	14	1
242	2024-08-30 21:48:17.843+02	22	1.  Mojsijeva - 20.	1	[{"added": {}}]	14	1
243	2024-08-30 21:48:21.367+02	23	1.  Mojsijeva - 21.	1	[{"added": {}}]	14	1
244	2024-08-30 21:48:26.587+02	24	1.  Mojsijeva - 22.	1	[{"added": {}}]	14	1
245	2024-08-30 21:48:31.053+02	25	1.  Mojsijeva - 23.	1	[{"added": {}}]	14	1
246	2024-08-30 21:48:37.502+02	26	1.  Mojsijeva - 24.	1	[{"added": {}}]	14	1
247	2024-08-30 21:48:41.3+02	27	1.  Mojsijeva - 25.	1	[{"added": {}}]	14	1
248	2024-08-30 21:48:44.358+02	28	1.  Mojsijeva - 26.	1	[{"added": {}}]	14	1
249	2024-08-30 21:48:48.67+02	29	1.  Mojsijeva - 27.	1	[{"added": {}}]	14	1
250	2024-08-30 21:48:51.695+02	30	1.  Mojsijeva - 28.	1	[{"added": {}}]	14	1
251	2024-08-30 21:48:54.866+02	31	1.  Mojsijeva - 29.	1	[{"added": {}}]	14	1
252	2024-08-30 21:48:58.379+02	32	1.  Mojsijeva - 30.	1	[{"added": {}}]	14	1
253	2024-08-30 21:49:01.835+02	33	1.  Mojsijeva - 31.	1	[{"added": {}}]	14	1
254	2024-08-30 21:49:05.053+02	34	1.  Mojsijeva - 32.	1	[{"added": {}}]	14	1
255	2024-08-30 21:49:07.794+02	35	1.  Mojsijeva - 33.	1	[{"added": {}}]	14	1
256	2024-08-30 21:49:11.815+02	36	3. Mojsijeva - 34.	1	[{"added": {}}]	14	1
257	2024-08-30 21:49:15.298+02	37	1.  Mojsijeva - 35.	1	[{"added": {}}]	14	1
258	2024-08-30 21:49:19.065+02	38	1.  Mojsijeva - 36.	1	[{"added": {}}]	14	1
259	2024-08-30 21:49:21.843+02	39	1.  Mojsijeva - 37.	1	[{"added": {}}]	14	1
260	2024-08-30 21:49:25.672+02	40	1.  Mojsijeva - 38.	1	[{"added": {}}]	14	1
261	2024-08-30 21:49:29.263+02	41	1.  Mojsijeva - 39.	1	[{"added": {}}]	14	1
262	2024-08-30 21:49:32.921+02	42	1.  Mojsijeva - 40.	1	[{"added": {}}]	14	1
263	2024-08-30 21:49:37.464+02	43	1.  Mojsijeva - 41.	1	[{"added": {}}]	14	1
264	2024-08-30 21:49:40.767+02	44	1.  Mojsijeva - 42.	1	[{"added": {}}]	14	1
265	2024-08-30 21:49:44.167+02	45	1.  Mojsijeva - 43.	1	[{"added": {}}]	14	1
266	2024-08-30 21:49:47.088+02	46	1.  Mojsijeva - 44.	1	[{"added": {}}]	14	1
267	2024-08-30 21:49:49.561+02	47	1.  Mojsijeva - 45.	1	[{"added": {}}]	14	1
268	2024-08-30 21:49:52.237+02	48	1.  Mojsijeva - 46.	1	[{"added": {}}]	14	1
269	2024-08-30 21:49:54.987+02	49	1.  Mojsijeva - 47.	1	[{"added": {}}]	14	1
270	2024-08-30 21:49:58.594+02	50	1.  Mojsijeva - 48.	1	[{"added": {}}]	14	1
271	2024-08-30 21:50:03.369+02	51	1.  Mojsijeva - 49.	1	[{"added": {}}]	14	1
272	2024-08-30 21:50:12.321+02	52	1.  Mojsijeva - 50.	1	[{"added": {}}]	14	1
273	2024-08-30 21:50:50.188+02	11	1.  Mojsijeva - 09.	2	[{"changed": {"fields": ["Name"]}}]	14	1
274	2024-08-30 21:51:01.46+02	1	1.  Mojsijeva - 01.	2	[{"changed": {"fields": ["Name"]}}]	14	1
275	2024-08-30 21:51:06.903+02	2	2. Mojsijeva - 02.	2	[{"changed": {"fields": ["Name"]}}]	14	1
276	2024-08-30 21:51:20.241+02	2	2. Mojsijeva - 02.	2	[]	14	1
277	2024-08-30 21:51:37.458+02	10	1.  Mojsijeva - 08.	2	[{"changed": {"fields": ["Name"]}}]	14	1
278	2024-08-30 21:51:46.143+02	9	1.  Mojsijeva - 07.	2	[{"changed": {"fields": ["Name"]}}]	14	1
279	2024-08-30 21:51:51.122+02	8	1.  Mojsijeva - 06.	2	[{"changed": {"fields": ["Name"]}}]	14	1
280	2024-08-30 21:51:58.521+02	3	2. Mojsijeva - 01.	2	[{"changed": {"fields": ["Name"]}}]	14	1
281	2024-08-30 21:52:03.59+02	4	1.  Mojsijeva - 02.	2	[{"changed": {"fields": ["Name"]}}]	14	1
282	2024-08-30 21:52:08.675+02	5	1.  Mojsijeva - 03.	2	[{"changed": {"fields": ["Name"]}}]	14	1
283	2024-08-30 21:52:14.18+02	6	1.  Mojsijeva - 04.	2	[{"changed": {"fields": ["Name"]}}]	14	1
284	2024-08-30 21:52:20.991+02	7	1.  Mojsijeva - 05.	2	[{"changed": {"fields": ["Name"]}}]	14	1
285	2024-08-30 21:52:42.163+02	25	Muri─ç Velja	2	[{"changed": {"fields": ["Glava"]}}]	7	1
286	2024-08-30 21:55:57.053+02	4	1.  Mojsijeva 02.	1	[{"added": {}}]	13	1
287	2024-08-30 21:56:33.953+02	5	1.  Mojsijeva 03.	1	[{"added": {}}]	13	1
288	2024-08-30 21:57:12.985+02	6	1.  Mojsijeva 04.	1	[{"added": {}}]	13	1
289	2024-08-30 21:57:32.967+02	7	1.  Mojsijeva 05.	1	[{"added": {}}]	13	1
290	2024-08-30 21:57:59.654+02	8	1.  Mojsijeva 06.	1	[{"added": {}}]	13	1
291	2024-08-30 21:58:18.564+02	9	1.  Mojsijeva 07.	1	[{"added": {}}]	13	1
292	2024-08-30 21:58:37.139+02	10	1.  Mojsijeva 08.	1	[{"added": {}}]	13	1
293	2024-08-30 21:59:00.949+02	11	1.  Mojsijeva 09.	1	[{"added": {}}]	13	1
294	2024-08-30 21:59:49.515+02	12	1.  Mojsijeva 10.	1	[{"added": {}}]	13	1
295	2024-08-30 22:00:10.856+02	13	1.  Mojsijeva 11.	1	[{"added": {}}]	13	1
296	2024-08-30 22:00:33.503+02	14	1.  Mojsijeva 12.	1	[{"added": {}}]	13	1
297	2024-08-30 22:01:50.151+02	15	1.  Mojsijeva 13.	1	[{"added": {}}]	13	1
298	2024-08-30 22:02:26.777+02	16	1.  Mojsijeva 14.	1	[{"added": {}}]	13	1
299	2024-08-30 22:04:48.189+02	11	Zoran ─Éer─æ	1	[{"added": {}}]	11	1
300	2024-08-30 22:06:03.789+02	26	Zoran ─Éer─æ	1	[{"added": {}}]	7	1
301	2024-08-30 22:06:42.271+02	22	Virag Toma	2	[{"changed": {"fields": ["Glava"]}}]	7	1
302	2024-09-01 20:08:52.236+02	2	Marko	1	[{"added": {}}]	15	1
303	2024-09-01 20:08:57.148+02	3	Luka	1	[{"added": {}}]	15	1
304	2024-09-01 20:09:02.68+02	4	Jovan	1	[{"added": {}}]	15	1
305	2024-09-01 20:09:13.217+02	5	Dela apostolska	1	[{"added": {}}]	15	1
306	2024-09-01 20:09:19.991+02	6	Rimljanima	1	[{"added": {}}]	15	1
307	2024-09-01 20:09:36.502+02	7	1. Korin─çanima	1	[{"added": {}}]	15	1
308	2024-09-01 20:09:41.685+02	8	2. Korin─çanima	1	[{"added": {}}]	15	1
309	2024-09-01 20:09:47.655+02	9	Galatima	1	[{"added": {}}]	15	1
310	2024-09-01 20:09:54.79+02	10	Efescima	1	[{"added": {}}]	15	1
311	2024-09-01 20:10:03.874+02	11	Filipljanima	1	[{"added": {}}]	15	1
312	2024-09-01 20:10:12.269+02	12	Kolo┼íanima	1	[{"added": {}}]	15	1
313	2024-09-01 20:10:22.037+02	13	1. Solunjanima	1	[{"added": {}}]	15	1
314	2024-09-01 20:10:27.324+02	14	2. Solunjanima	1	[{"added": {}}]	15	1
315	2024-09-01 20:10:38.16+02	15	1. Timoteju	1	[{"added": {}}]	15	1
316	2024-09-01 20:10:44.049+02	16	2. Timoteju	1	[{"added": {}}]	15	1
317	2024-09-01 20:10:48.836+02	17	Titu	1	[{"added": {}}]	15	1
318	2024-09-01 20:10:56.953+02	18	Filimonu	1	[{"added": {}}]	15	1
319	2024-09-01 20:11:00.982+02	19	Jevrejima	1	[{"added": {}}]	15	1
320	2024-09-01 20:11:07.632+02	20	Jakovljeva	1	[{"added": {}}]	15	1
321	2024-09-01 20:11:12.735+02	21	1. Petrova	1	[{"added": {}}]	15	1
322	2024-09-01 20:11:19.879+02	22	2. Petrova	1	[{"added": {}}]	15	1
323	2024-09-01 20:11:28.124+02	23	1. Jovanova	1	[{"added": {}}]	15	1
324	2024-09-01 20:11:31.46+02	24	2. Jovanova	1	[{"added": {}}]	15	1
325	2024-09-01 20:11:34.438+02	25	3. Jovanova	1	[{"added": {}}]	15	1
326	2024-09-01 20:11:38.649+02	26	Judina	1	[{"added": {}}]	15	1
327	2024-09-01 20:11:43.804+02	27	Otkrivenje	1	[{"added": {}}]	15	1
328	2024-09-01 20:20:55.417+02	27	Otkrivenje	2	[{"changed": {"fields": ["Broj glava"]}}]	15	1
329	2024-09-01 20:21:12.988+02	2	Otkrivenje - 1	1	[{"added": {}}]	17	1
330	2024-09-01 20:21:20.314+02	3	Otkrivenje - 2.	1	[{"added": {}}]	17	1
331	2024-09-01 20:21:25.805+02	4	Otkrivenje - 3.	1	[{"added": {}}]	17	1
332	2024-09-01 20:21:37.506+02	5	Otkrivenje - 4.	1	[{"added": {}}]	17	1
333	2024-09-01 20:21:49.905+02	5	Otkrivenje - 4.	2	[]	17	1
334	2024-09-01 20:22:09.312+02	6	Otkrivenje - 5.	1	[{"added": {}}]	17	1
335	2024-09-01 20:22:15.338+02	7	Otkrivenje - 6.	1	[{"added": {}}]	17	1
336	2024-09-01 20:22:21.258+02	8	Otkrivenje - 6.	1	[{"added": {}}]	17	1
337	2024-09-01 20:22:28.255+02	9	Otkrivenje - 7.	1	[{"added": {}}]	17	1
338	2024-09-01 20:22:34.774+02	10	Otkrivenje - 8.	1	[{"added": {}}]	17	1
339	2024-09-01 20:22:41.701+02	11	Otkrivenje - 9.	1	[{"added": {}}]	17	1
340	2024-09-01 20:22:49.45+02	12	Otkrivenje - 10.	1	[{"added": {}}]	17	1
341	2024-09-01 20:22:55.249+02	13	Otkrivenje - 11.	1	[{"added": {}}]	17	1
342	2024-09-01 20:23:09.276+02	14	Otkrivenje - 12.	1	[{"added": {}}]	17	1
343	2024-09-01 20:23:15.625+02	15	Otkrivenje - 13.	1	[{"added": {}}]	17	1
344	2024-09-01 20:23:22.471+02	16	Otkrivenje - 14.	1	[{"added": {}}]	17	1
345	2024-09-01 20:23:28.557+02	17	Otkrivenje - 15.	1	[{"added": {}}]	17	1
346	2024-09-01 20:23:35.614+02	18	Otkrivenje - 16.	1	[{"added": {}}]	17	1
347	2024-09-01 20:23:44.867+02	19	Otkrivenje - 17.	1	[{"added": {}}]	17	1
348	2024-09-01 20:23:50.665+02	20	Otkrivenje - 18.	1	[{"added": {}}]	17	1
349	2024-09-01 20:23:59.957+02	21	Otkrivenje - 19.	1	[{"added": {}}]	17	1
350	2024-09-01 20:24:06.349+02	22	Otkrivenje - 20.	1	[{"added": {}}]	17	1
351	2024-09-01 20:24:14.96+02	23	Otkrivenje - 21.	1	[{"added": {}}]	17	1
352	2024-09-01 20:24:20.345+02	24	Otkrivenje - 22.	1	[{"added": {}}]	17	1
353	2024-09-01 20:24:59.276+02	2	Otkrivenje - 01	2	[{"changed": {"fields": ["Name"]}}]	17	1
354	2024-09-01 20:25:10.082+02	2	Otkrivenje - 1	2	[{"changed": {"fields": ["Name"]}}]	17	1
355	2024-09-01 20:25:55.953+02	2	Otkrivenje - 01	2	[{"changed": {"fields": ["Name"]}}]	17	1
356	2024-09-01 20:26:59.369+02	2	Otkrivenje - 01.	2	[{"changed": {"fields": ["Name"]}}]	17	1
357	2024-09-01 20:27:04.987+02	11	Otkrivenje - 09.	2	[{"changed": {"fields": ["Name"]}}]	17	1
358	2024-09-01 20:27:10.545+02	10	Otkrivenje - 08.	2	[{"changed": {"fields": ["Name"]}}]	17	1
359	2024-09-01 20:27:15.711+02	9	Otkrivenje - 07.	2	[{"changed": {"fields": ["Name"]}}]	17	1
360	2024-09-01 20:27:26.747+02	8	Otkrivenje - 6.	3		17	1
361	2024-09-01 20:27:32.37+02	7	Otkrivenje - 06.	2	[{"changed": {"fields": ["Name"]}}]	17	1
362	2024-09-01 20:27:37.262+02	6	Otkrivenje - 05.	2	[{"changed": {"fields": ["Name"]}}]	17	1
363	2024-09-01 20:27:41.594+02	5	Otkrivenje - 04.	2	[{"changed": {"fields": ["Name"]}}]	17	1
364	2024-09-01 20:27:46.006+02	4	Otkrivenje - 03.	2	[{"changed": {"fields": ["Name"]}}]	17	1
365	2024-09-01 20:27:50.303+02	3	Otkrivenje - 02.	2	[{"changed": {"fields": ["Name"]}}]	17	1
366	2024-09-01 20:37:58.805+02	20	Milan Vujani─ç	2	[]	7	1
367	2024-09-01 20:38:09.206+02	17	Hrubik Karlo mla─æi	2	[]	7	1
368	2024-09-01 20:38:12.74+02	25	Muri─ç Velja	2	[]	7	1
369	2024-09-01 20:38:23.579+02	16	Hrubik Karlo	2	[{"changed": {"fields": ["Glava"]}}]	7	1
370	2024-09-01 20:38:38.114+02	21	Raki─ç Petar	2	[{"changed": {"fields": ["Glava"]}}]	7	1
371	2024-09-01 20:44:04.037+02	2	Otkrivenje 01.	1	[{"added": {}}]	16	1
372	2024-09-01 20:48:46.784+02	3	Otkrivenje 02.	1	[{"added": {}}]	16	1
373	2024-09-01 20:49:12.076+02	4	Otkrivenje 03.	1	[{"added": {}}]	16	1
374	2024-09-01 20:49:55.986+02	5	Otkrivenje 04.	1	[{"added": {}}]	16	1
375	2024-09-01 20:50:35.293+02	6	Otkrivenje 05.	1	[{"added": {}}]	16	1
376	2024-09-01 20:51:06.251+02	7	Otkrivenje 06.	1	[{"added": {}}]	16	1
377	2024-09-01 20:51:27.064+02	8	Otkrivenje 07.	1	[{"added": {}}]	16	1
378	2024-09-01 20:51:57.024+02	9	Otkrivenje 08.	1	[{"added": {}}]	16	1
379	2024-09-01 20:52:17.441+02	10	Otkrivenje 09.	1	[{"added": {}}]	16	1
380	2024-09-01 20:52:39.729+02	11	Otkrivenje 10.	1	[{"added": {}}]	16	1
381	2024-09-01 20:53:09.078+02	12	Otkrivenje 11.	1	[{"added": {}}]	16	1
382	2024-09-01 20:53:37.597+02	13	Otkrivenje 12.	1	[{"added": {}}]	16	1
383	2024-09-01 20:53:58.541+02	14	Otkrivenje 13.	1	[{"added": {}}]	16	1
384	2024-09-01 20:54:30.427+02	15	Otkrivenje 14.	1	[{"added": {}}]	16	1
385	2024-09-01 20:55:26.263+02	16	Otkrivenje 15.	1	[{"added": {}}]	16	1
386	2024-09-01 20:56:00.889+02	17	Otkrivenje 16.	1	[{"added": {}}]	16	1
387	2024-09-01 20:56:24.441+02	18	Otkrivenje 17.	1	[{"added": {}}]	16	1
388	2024-09-01 20:57:20.82+02	19	Otkrivenje 18.	1	[{"added": {}}]	16	1
389	2024-09-01 20:57:42.454+02	20	Otkrivenje 19.	1	[{"added": {}}]	16	1
390	2024-09-01 20:58:04.609+02	21	Otkrivenje 20.	1	[{"added": {}}]	16	1
391	2024-09-01 20:58:34.368+02	22	Otkrivenje 21.	1	[{"added": {}}]	16	1
392	2024-09-01 20:58:57.1+02	23	Otkrivenje 22.	1	[{"added": {}}]	16	1
393	2024-09-01 20:59:16.371+02	15	Otkrivenje 14.	2	[{"changed": {"fields": ["Content"]}}]	16	1
394	2024-09-01 21:00:44.108+02	16	1.  Mojsijeva 14.	2	[]	13	1
395	2024-09-01 21:01:28.828+02	17	1.  Mojsijeva 15.	1	[{"added": {}}]	13	1
396	2024-09-01 21:01:45.374+02	18	1.  Mojsijeva 16.	1	[{"added": {}}]	13	1
397	2024-09-01 21:02:06.362+02	19	1.  Mojsijeva 17.	1	[{"added": {}}]	13	1
398	2024-09-01 21:02:33.876+02	20	1.  Mojsijeva 18.	1	[{"added": {}}]	13	1
399	2024-09-01 21:02:49.792+02	21	1.  Mojsijeva 19.	1	[{"added": {}}]	13	1
400	2024-09-02 15:57:26.183+02	16	Hrubik Karlo	2	[{"changed": {"fields": ["Glava"]}}]	7	1
401	2024-09-02 17:31:28.654+02	1	proba	1	[{"added": {}}]	18	1
402	2024-09-02 17:51:16.915+02	1	proba	2	[]	18	1
403	2024-09-02 17:51:59.92+02	2	proba 2	1	[{"added": {}}]	18	1
404	2024-09-03 13:30:14.747+02	2	Beginning of Nazaren Faith in Serbian	2	[{"changed": {"fields": ["Knjiga", "Title", "Slug", "Opis"]}}]	18	1
405	2024-09-03 13:47:56.157+02	2	Osnivanje nazarenske vere	2	[{"changed": {"fields": ["Title", "Slug", "Opis"]}}]	18	1
406	2024-09-03 14:00:51.462+02	2	Osnivanje nazarenske vere	2	[]	18	1
407	2024-09-03 14:01:06.49+02	1	proba	2	[{"changed": {"fields": ["Where to buy link"]}}]	18	1
408	2024-09-03 16:50:22.425+02	3	Novi Sad 2021.07.11	2	[{"changed": {"fields": ["Language"]}}]	10	1
409	2024-09-03 16:50:36.528+02	2	Domka family and friends	2	[{"changed": {"fields": ["Language"]}}]	10	1
410	2024-09-03 16:50:43.492+02	1	Come Unto Me	2	[{"changed": {"fields": ["Language"]}}]	10	1
411	2024-09-05 12:30:52.432+02	1	Nova Harfa Siona	1	[{"added": {}}]	21	1
412	2024-09-05 12:39:25.837+02	2	Zbirka Slavopoja Gospodu Bogu	1	[{"added": {}}]	21	1
413	2024-09-05 13:14:10.819+02	1	Zbirka Slavopoja Gospodu Bogu - 1	1	[{"added": {}}]	19	1
414	2024-09-05 13:17:03.239+02	1	Zbirka Slavopoja Gospodu Bogu 1 U tamnoj no─çi	1	[{"added": {}}]	20	1
415	2024-09-05 13:17:26.423+02	1	Zbirka Slavopoja Gospodu Bogu 1 U tamnoj no─çi	3		20	1
416	2024-09-05 13:17:40.298+02	1	Zbirka Slavopoja Gospodu Bogu - 1	3		19	1
417	2024-09-05 13:18:35.402+02	1	Zbirka Slavopoja Gospodu Bogu - 001	1	[{"added": {}}]	19	1
418	2024-09-05 13:18:53.016+02	1	Zbirka Slavopoja Gospodu Bogu 001 U tamnoj no─çi	1	[{"added": {}}]	20	1
419	2024-09-05 13:50:35.296+02	2	Zbirka Slavopoja Gospodu Bogu 001 U tamnoj no─çi	1	[{"added": {}}]	20	1
420	2024-09-05 13:50:40.557+02	1	Zbirka Slavopoja Gospodu Bogu 001 U tamnoj no─çi	3		20	1
421	2024-09-05 13:50:55.869+02	2	Zbirka Slavopoja Gospodu Bogu 001 U tamnoj no─çi	2	[{"changed": {"fields": ["File"]}}]	20	1
422	2024-09-05 14:04:00.18+02	2	Zbirka Slavopoja Gospodu Bogu 001 U tamnoj no─çi	2	[{"changed": {"fields": ["Audio"]}}]	20	1
423	2024-09-05 14:12:55.143+02	2	Zbirka Slavopoja Gospodu Bogu 001 U tamnoj no─çi	2	[{"changed": {"fields": ["Skracenica"]}}]	20	1
424	2024-09-05 14:17:07.453+02	4	Novi Sad 2019.12.16.	1	[{"added": {}}]	10	1
425	2024-09-05 14:17:58.448+02	20	09 ZS 001. U tamnoj no─çi	1	[{"added": {}}]	9	1
426	2024-10-02 16:30:18.813+02	20	Milan Vujani─ç	2	[{"changed": {"fields": ["Audio"]}}]	7	1
427	2024-10-02 16:34:28.62+02	25	Muri─ç Velja	2	[]	7	1
428	2024-10-02 16:36:36.372+02	18	Murtin Andrija	2	[]	7	1
429	2024-10-02 16:45:05.576+02	18	Murtin Andrija	2	[]	7	1
430	2024-10-02 21:12:14.027+02	1	Nova Harfa Siona	1	[{"added": {}}]	22	1
431	2024-10-02 21:13:41.416+02	1	Nova Harfa Siona 1878	2	[{"changed": {"fields": ["Godina izdanja"]}}]	22	1
432	2024-10-02 21:14:21.533+02	1	Nova Harfa Siona 1878	1	[{"added": {}}]	23	1
433	2024-10-02 21:28:01.598+02	1	Nova Harfa Siona 1878	2	[{"changed": {"fields": ["Slug"]}}]	22	1
434	2024-10-02 22:03:55.414+02	2	Nova Harfa Siona 1886	1	[{"added": {}}]	22	1
435	2024-10-02 22:04:03.042+02	2	Nova Harfa Siona 1886	2	[{"changed": {"fields": ["Slug"]}}]	22	1
436	2024-10-02 22:04:15.127+02	2	Nova Harfa Siona 1886	1	[{"added": {}}]	23	1
437	2024-10-02 22:07:05.067+02	2	Nova Harfa Siona 1886	2	[]	23	1
438	2024-10-02 22:07:09.42+02	1	Nova Harfa Siona 1878	2	[]	23	1
439	2024-10-02 22:21:10.256+02	3	Nova Harfa Siona 1896	1	[{"added": {}}]	22	1
440	2024-10-02 22:21:16.809+02	3	Nova Harfa Siona 1896	2	[]	22	1
441	2024-10-03 13:59:08.509+02	3	Nova Harfa Siona 1896	2	[]	22	1
442	2024-10-03 14:00:28.464+02	1	╨¥╨╛╨▓╨░ ╨Ñ╨░╤Ç╤ä╨░ ╨í╨╕╨╛╨╜╨░ 1878	2	[{"changed": {"fields": ["Name"]}}]	22	1
443	2024-10-03 14:01:00.429+02	2	╨¥ 1886	2	[{"changed": {"fields": ["Name"]}}]	22	1
444	2024-10-03 14:01:08.94+02	2	╨¥╨╛╨▓╨░ ╨Ñ╨░╤Ç╤ä╨░ ╨í╨╕╨╛╨╜╨░ 1886	2	[{"changed": {"fields": ["Name"]}}]	22	1
445	2024-10-03 14:01:14.344+02	3	╨¥╨╛╨▓╨░ ╨Ñ╨░╤Ç╤ä╨░ ╨í╨╕╨╛╨╜╨░ 1896	2	[{"changed": {"fields": ["Name"]}}]	22	1
446	2024-10-03 14:02:59.983+02	3	╨¥╨╛╨▓╨░ ╨Ñ╨░╤Ç╤ä╨░ ╨í╨╕╨╛╨╜╨░ 1896	2	[{"changed": {"fields": ["Jezik"]}}]	22	1
447	2024-10-03 14:03:07.513+02	2	╨¥╨╛╨▓╨░ ╨Ñ╨░╤Ç╤ä╨░ ╨í╨╕╨╛╨╜╨░ 1886	2	[{"changed": {"fields": ["Jezik"]}}]	22	1
448	2024-10-03 14:03:11.006+02	1	╨¥╨╛╨▓╨░ ╨Ñ╨░╤Ç╤ä╨░ ╨í╨╕╨╛╨╜╨░ 1878	2	[{"changed": {"fields": ["Jezik"]}}]	22	1
449	2024-10-03 14:27:34.656+02	1	Nova Harfa Siona 1878	2	[{"changed": {"fields": ["Name"]}}]	22	1
450	2024-10-03 14:27:41.255+02	2	Nova Harfa Siona 1886	2	[{"changed": {"fields": ["Name"]}}]	22	1
451	2024-10-03 14:27:46.567+02	3	Nova Harfa Siona 1896	2	[{"changed": {"fields": ["Name"]}}]	22	1
452	2024-10-03 14:37:22.694+02	6	nazareni	2	[]	4	1
453	2024-10-03 15:05:35.048+02	2	Zbirka Slavopoja Gospodu Bogu 001 U tamnoj no─çi	2	[]	20	1
454	2024-10-03 16:03:01.903+02	2	Zbirka Slavopoja Gospodu Bogu 001 U tamnoj no─çi	2	[]	20	1
455	2024-10-03 16:43:02.127+02	1	─Éure Jak┼íi─ça 19	1	[{"added": {}}]	24	1
456	2024-10-03 17:23:58.622+02	1	─Éure Jak┼íi─ça 19	2	[{"changed": {"fields": ["Attenders", "Status"]}}]	24	1
457	2024-10-03 17:28:20.743+02	1	Bege─ì	2	[]	24	1
458	2024-10-03 17:29:39.152+02	2	Novi Sad	1	[{"added": {}}]	24	1
459	2024-10-03 18:29:49.754+02	2	Novi Sad	2	[{"changed": {"fields": ["Fotografija"]}}]	24	1
460	2024-10-03 18:59:51.19+02	1	Bege─ì	2	[{"changed": {"fields": ["Opis"]}}]	24	1
461	2024-10-03 19:01:16.781+02	1	Bege─ì	2	[{"changed": {"fields": ["Opis"]}}]	24	1
462	2024-10-04 14:01:19.548+02	2	Zbirka Slavopoja Gospodu Bogu 001 U tamnoj no─çi	2	[{"changed": {"fields": ["File"]}}]	20	1
463	2024-10-04 14:01:33.148+02	2	Zbirka Slavopoja Gospodu Bogu 001 U tamnoj no─çi	2	[{"changed": {"fields": ["File"]}}]	20	1
464	2024-10-04 14:30:34.113+02	2	Zbirka Slavopoja Gospodu Bogu - 002	1	[{"added": {}}]	19	1
465	2024-10-04 14:31:30.601+02	3	Zbirka Slavopoja Gospodu Bogu 002 Silni Bo┼╛e	1	[{"added": {}}]	20	1
466	2024-10-04 14:45:24.913+02	3	Zbirka Slavopoja Gospodu Bogu 002 Silni Bo┼╛e	2	[{"changed": {"fields": ["File"]}}]	20	1
467	2024-10-04 14:46:50.139+02	3	Zbirka Slavopoja Gospodu Bogu 002 Silni Bo┼╛e	2	[]	20	1
468	2024-10-04 14:47:07.094+02	2	Zbirka Slavopoja Gospodu Bogu 001 U tamnoj no─çi	2	[{"changed": {"fields": ["File"]}}]	20	1
469	2024-10-04 15:01:37.053+02	3	Zbirka Slavopoja Gospodu Bogu 002 Silni Bo┼╛e	2	[{"changed": {"fields": ["Audio"]}}]	20	1
470	2024-10-04 16:29:36.016+02	1	Bege─ì	2	[{"changed": {"fields": ["Adresa"]}}]	24	1
471	2024-10-05 17:37:42.469+02	3	Glo┼╛an	1	[{"added": {}}]	24	1
472	2024-10-05 17:39:08.124+02	4	─îelarevo	1	[{"added": {}}]	24	1
473	2024-10-05 17:46:08.611+02	3	Glo┼╛an	2	[]	24	1
474	2024-10-05 17:48:24.743+02	5	Petrovaradin	1	[{"added": {}}]	24	1
475	2024-10-05 17:49:24.783+02	6	Stara Moravica	1	[{"added": {}}]	24	1
476	2024-10-05 17:51:50.385+02	7	Turija	1	[{"added": {}}]	24	1
477	2024-10-05 17:53:31.98+02	8	Rumenka	1	[{"added": {}}]	24	1
478	2024-10-05 17:53:44.412+02	8	Rumenka	2	[{"changed": {"fields": ["Status"]}}]	24	1
479	2024-10-05 17:55:08.015+02	9	Futog	1	[{"added": {}}]	24	1
480	2024-10-05 17:58:52.274+02	9	Futog	2	[{"changed": {"fields": ["Status"]}}]	24	1
481	2024-10-05 18:00:01.074+02	9	Futog	2	[{"changed": {"fields": ["Attenders"]}}]	24	1
482	2024-10-05 18:01:47.562+02	10	Elemir	1	[{"added": {}}]	24	1
483	2024-10-05 18:02:58.673+02	11	Ba─ìki Vinogradi	1	[{"added": {}}]	24	1
484	2024-10-05 18:05:55.035+02	12	Budisava	1	[{"added": {}}]	24	1
485	2024-10-05 18:22:51.741+02	13	Omoljica	1	[{"added": {}}]	24	1
486	2024-10-05 18:29:21.849+02	14	Ba─ìki Petrovac	1	[{"added": {}}]	24	1
487	2024-10-11 19:24:31.386+02	14	Ba─ìki Petrovac	2	[]	24	1
488	2024-10-11 19:24:42.054+02	1	Bege─ì	2	[{"changed": {"fields": ["Status"]}}]	24	1
489	2024-10-11 19:25:16.566+02	13	Omoljica	2	[{"changed": {"fields": ["Status"]}}]	24	1
490	2024-10-11 19:25:21.341+02	2	Novi Sad	2	[{"changed": {"fields": ["Status"]}}]	24	1
491	2024-10-11 19:25:25.007+02	3	Glo┼╛an	2	[{"changed": {"fields": ["Status"]}}]	24	1
492	2024-10-11 19:25:32.731+02	8	Rumenka	2	[{"changed": {"fields": ["Status"]}}]	24	1
493	2024-10-11 19:25:45.186+02	9	Futog	2	[{"changed": {"fields": ["Status"]}}]	24	1
494	2024-10-11 19:25:55.701+02	11	Ba─ìki Vinogradi	2	[{"changed": {"fields": ["Status"]}}]	24	1
495	2024-10-11 19:36:33.425+02	336	SearchQuery object (336)	2	[]	8	1
496	2024-10-11 19:36:51.894+02	336	SearchQuery object (336)	3		8	1
497	2024-10-11 19:36:51.894+02	335	SearchQuery object (335)	3		8	1
498	2024-10-11 19:36:51.894+02	334	SearchQuery object (334)	3		8	1
499	2024-10-11 19:36:51.894+02	333	SearchQuery object (333)	3		8	1
500	2024-10-11 19:36:51.894+02	332	SearchQuery object (332)	3		8	1
501	2024-10-11 19:36:51.894+02	331	SearchQuery object (331)	3		8	1
502	2024-10-11 19:36:51.894+02	330	SearchQuery object (330)	3		8	1
503	2024-10-11 19:36:51.894+02	329	SearchQuery object (329)	3		8	1
504	2024-10-11 19:36:51.894+02	328	SearchQuery object (328)	3		8	1
505	2024-10-11 19:36:51.894+02	327	SearchQuery object (327)	3		8	1
506	2024-10-11 19:36:51.894+02	326	SearchQuery object (326)	3		8	1
507	2024-10-11 19:36:51.894+02	325	SearchQuery object (325)	3		8	1
508	2024-10-11 19:36:51.894+02	324	SearchQuery object (324)	3		8	1
509	2024-10-11 19:36:51.894+02	323	SearchQuery object (323)	3		8	1
510	2024-10-11 19:36:51.894+02	322	SearchQuery object (322)	3		8	1
511	2024-10-11 19:36:51.894+02	321	SearchQuery object (321)	3		8	1
512	2024-10-11 19:36:51.894+02	320	SearchQuery object (320)	3		8	1
513	2024-10-11 19:36:51.894+02	319	SearchQuery object (319)	3		8	1
514	2024-10-11 19:36:51.894+02	318	SearchQuery object (318)	3		8	1
515	2024-10-11 19:36:51.894+02	317	SearchQuery object (317)	3		8	1
516	2024-10-11 19:36:51.894+02	316	SearchQuery object (316)	3		8	1
517	2024-10-11 19:36:51.894+02	315	SearchQuery object (315)	3		8	1
518	2024-10-11 19:36:51.895+02	314	SearchQuery object (314)	3		8	1
519	2024-10-11 19:36:51.895+02	313	SearchQuery object (313)	3		8	1
520	2024-10-11 19:36:51.895+02	312	SearchQuery object (312)	3		8	1
521	2024-10-11 19:36:51.895+02	311	SearchQuery object (311)	3		8	1
522	2024-10-11 19:36:51.895+02	310	SearchQuery object (310)	3		8	1
523	2024-10-11 19:36:51.895+02	309	SearchQuery object (309)	3		8	1
524	2024-10-11 19:36:51.895+02	308	SearchQuery object (308)	3		8	1
525	2024-10-11 19:36:51.895+02	307	SearchQuery object (307)	3		8	1
526	2024-10-11 19:36:51.895+02	306	SearchQuery object (306)	3		8	1
527	2024-10-11 19:36:51.895+02	305	SearchQuery object (305)	3		8	1
528	2024-10-11 19:36:51.895+02	304	SearchQuery object (304)	3		8	1
529	2024-10-11 19:36:51.895+02	303	SearchQuery object (303)	3		8	1
530	2024-10-11 19:36:51.895+02	302	SearchQuery object (302)	3		8	1
531	2024-10-11 19:36:51.895+02	301	SearchQuery object (301)	3		8	1
532	2024-10-11 19:36:51.895+02	300	SearchQuery object (300)	3		8	1
533	2024-10-11 19:36:51.895+02	299	SearchQuery object (299)	3		8	1
534	2024-10-11 19:36:51.895+02	298	SearchQuery object (298)	3		8	1
535	2024-10-11 19:36:51.895+02	297	SearchQuery object (297)	3		8	1
536	2024-10-11 19:36:51.895+02	296	SearchQuery object (296)	3		8	1
537	2024-10-11 19:36:51.895+02	295	SearchQuery object (295)	3		8	1
538	2024-10-11 19:36:51.895+02	294	SearchQuery object (294)	3		8	1
539	2024-10-11 19:36:51.895+02	293	SearchQuery object (293)	3		8	1
540	2024-10-11 19:36:51.895+02	292	SearchQuery object (292)	3		8	1
541	2024-10-11 19:36:51.895+02	291	SearchQuery object (291)	3		8	1
542	2024-10-11 19:36:51.895+02	290	SearchQuery object (290)	3		8	1
543	2024-10-11 19:36:51.895+02	289	SearchQuery object (289)	3		8	1
544	2024-10-11 19:36:51.895+02	288	SearchQuery object (288)	3		8	1
545	2024-10-11 19:36:51.895+02	287	SearchQuery object (287)	3		8	1
546	2024-10-11 19:36:51.895+02	286	SearchQuery object (286)	3		8	1
547	2024-10-11 19:36:51.895+02	285	SearchQuery object (285)	3		8	1
548	2024-10-11 19:36:51.895+02	284	SearchQuery object (284)	3		8	1
549	2024-10-11 19:36:51.895+02	283	SearchQuery object (283)	3		8	1
550	2024-10-11 19:36:51.895+02	282	SearchQuery object (282)	3		8	1
551	2024-10-11 19:36:51.895+02	281	SearchQuery object (281)	3		8	1
552	2024-10-11 19:36:51.895+02	280	SearchQuery object (280)	3		8	1
553	2024-10-11 19:36:51.895+02	279	SearchQuery object (279)	3		8	1
554	2024-10-11 19:36:51.895+02	278	SearchQuery object (278)	3		8	1
555	2024-10-11 19:36:51.895+02	277	SearchQuery object (277)	3		8	1
556	2024-10-11 19:36:51.895+02	276	SearchQuery object (276)	3		8	1
557	2024-10-11 19:36:51.895+02	275	SearchQuery object (275)	3		8	1
558	2024-10-11 19:36:51.895+02	274	SearchQuery object (274)	3		8	1
559	2024-10-11 19:36:51.895+02	273	SearchQuery object (273)	3		8	1
560	2024-10-11 19:36:51.895+02	272	SearchQuery object (272)	3		8	1
561	2024-10-11 19:36:51.895+02	271	SearchQuery object (271)	3		8	1
562	2024-10-11 19:36:51.895+02	270	SearchQuery object (270)	3		8	1
563	2024-10-11 19:36:51.895+02	269	SearchQuery object (269)	3		8	1
564	2024-10-11 19:36:51.895+02	268	SearchQuery object (268)	3		8	1
565	2024-10-11 19:36:51.895+02	267	SearchQuery object (267)	3		8	1
566	2024-10-11 19:36:51.895+02	266	SearchQuery object (266)	3		8	1
567	2024-10-11 19:36:51.895+02	265	SearchQuery object (265)	3		8	1
568	2024-10-11 19:36:51.895+02	264	SearchQuery object (264)	3		8	1
569	2024-10-11 19:36:51.895+02	263	SearchQuery object (263)	3		8	1
570	2024-10-11 19:36:51.895+02	262	SearchQuery object (262)	3		8	1
571	2024-10-11 19:36:51.895+02	261	SearchQuery object (261)	3		8	1
572	2024-10-11 19:36:51.895+02	260	SearchQuery object (260)	3		8	1
573	2024-10-11 19:36:51.895+02	259	SearchQuery object (259)	3		8	1
574	2024-10-11 19:36:51.895+02	258	SearchQuery object (258)	3		8	1
575	2024-10-11 19:36:51.895+02	257	SearchQuery object (257)	3		8	1
576	2024-10-11 19:36:51.895+02	256	SearchQuery object (256)	3		8	1
577	2024-10-11 19:36:51.895+02	255	SearchQuery object (255)	3		8	1
578	2024-10-11 19:36:51.895+02	254	SearchQuery object (254)	3		8	1
579	2024-10-11 19:36:51.895+02	253	SearchQuery object (253)	3		8	1
580	2024-10-11 19:36:51.895+02	252	SearchQuery object (252)	3		8	1
581	2024-10-11 19:36:51.895+02	251	SearchQuery object (251)	3		8	1
582	2024-10-11 19:36:51.895+02	250	SearchQuery object (250)	3		8	1
583	2024-10-11 19:36:51.895+02	249	SearchQuery object (249)	3		8	1
584	2024-10-11 19:36:51.895+02	248	SearchQuery object (248)	3		8	1
585	2024-10-11 19:36:51.895+02	247	SearchQuery object (247)	3		8	1
586	2024-10-11 19:36:51.895+02	246	SearchQuery object (246)	3		8	1
587	2024-10-11 19:36:51.895+02	245	SearchQuery object (245)	3		8	1
588	2024-10-11 19:36:51.895+02	244	SearchQuery object (244)	3		8	1
589	2024-10-11 19:36:51.895+02	243	SearchQuery object (243)	3		8	1
590	2024-10-11 19:36:51.895+02	242	SearchQuery object (242)	3		8	1
591	2024-10-11 19:36:51.895+02	241	SearchQuery object (241)	3		8	1
592	2024-10-11 19:36:51.895+02	240	SearchQuery object (240)	3		8	1
593	2024-10-11 19:36:51.895+02	239	SearchQuery object (239)	3		8	1
594	2024-10-11 19:36:51.895+02	238	SearchQuery object (238)	3		8	1
595	2024-10-11 19:36:51.895+02	237	SearchQuery object (237)	3		8	1
596	2024-10-11 19:37:01.8+02	236	SearchQuery object (236)	3		8	1
597	2024-10-11 19:37:01.8+02	235	SearchQuery object (235)	3		8	1
598	2024-10-11 19:37:01.8+02	234	SearchQuery object (234)	3		8	1
599	2024-10-11 19:37:01.8+02	233	SearchQuery object (233)	3		8	1
600	2024-10-11 19:37:01.8+02	232	SearchQuery object (232)	3		8	1
601	2024-10-11 19:37:01.8+02	231	SearchQuery object (231)	3		8	1
602	2024-10-11 19:37:01.8+02	230	SearchQuery object (230)	3		8	1
603	2024-10-11 19:37:01.8+02	229	SearchQuery object (229)	3		8	1
604	2024-10-11 19:37:01.8+02	228	SearchQuery object (228)	3		8	1
605	2024-10-11 19:37:01.8+02	227	SearchQuery object (227)	3		8	1
606	2024-10-11 19:37:01.8+02	226	SearchQuery object (226)	3		8	1
607	2024-10-11 19:37:01.8+02	225	SearchQuery object (225)	3		8	1
608	2024-10-11 19:37:01.8+02	224	SearchQuery object (224)	3		8	1
609	2024-10-11 19:37:01.8+02	223	SearchQuery object (223)	3		8	1
610	2024-10-11 19:37:01.8+02	222	SearchQuery object (222)	3		8	1
611	2024-10-11 19:37:01.8+02	221	SearchQuery object (221)	3		8	1
612	2024-10-11 19:37:01.8+02	220	SearchQuery object (220)	3		8	1
613	2024-10-11 19:37:01.8+02	219	SearchQuery object (219)	3		8	1
614	2024-10-11 19:37:01.8+02	218	SearchQuery object (218)	3		8	1
615	2024-10-11 19:37:01.8+02	217	SearchQuery object (217)	3		8	1
616	2024-10-11 19:37:01.8+02	216	SearchQuery object (216)	3		8	1
617	2024-10-11 19:37:01.8+02	215	SearchQuery object (215)	3		8	1
618	2024-10-11 19:37:01.8+02	214	SearchQuery object (214)	3		8	1
619	2024-10-11 19:37:01.8+02	213	SearchQuery object (213)	3		8	1
620	2024-10-11 19:37:01.8+02	212	SearchQuery object (212)	3		8	1
621	2024-10-11 19:37:01.8+02	211	SearchQuery object (211)	3		8	1
622	2024-10-11 19:37:01.8+02	210	SearchQuery object (210)	3		8	1
623	2024-10-11 19:37:01.8+02	209	SearchQuery object (209)	3		8	1
624	2024-10-11 19:37:01.8+02	208	SearchQuery object (208)	3		8	1
625	2024-10-11 19:37:01.8+02	207	SearchQuery object (207)	3		8	1
626	2024-10-11 19:37:01.8+02	206	SearchQuery object (206)	3		8	1
627	2024-10-11 19:37:01.8+02	205	SearchQuery object (205)	3		8	1
628	2024-10-11 19:37:01.8+02	204	SearchQuery object (204)	3		8	1
629	2024-10-11 19:37:01.8+02	203	SearchQuery object (203)	3		8	1
630	2024-10-11 19:37:01.8+02	202	SearchQuery object (202)	3		8	1
631	2024-10-11 19:37:01.8+02	201	SearchQuery object (201)	3		8	1
632	2024-10-11 19:37:01.8+02	200	SearchQuery object (200)	3		8	1
633	2024-10-11 19:37:01.8+02	199	SearchQuery object (199)	3		8	1
634	2024-10-11 19:37:01.8+02	198	SearchQuery object (198)	3		8	1
635	2024-10-11 19:37:01.8+02	197	SearchQuery object (197)	3		8	1
636	2024-10-11 19:37:01.8+02	196	SearchQuery object (196)	3		8	1
637	2024-10-11 19:37:01.8+02	195	SearchQuery object (195)	3		8	1
638	2024-10-11 19:37:01.8+02	194	SearchQuery object (194)	3		8	1
639	2024-10-11 19:37:01.8+02	193	SearchQuery object (193)	3		8	1
640	2024-10-11 19:37:01.8+02	192	SearchQuery object (192)	3		8	1
641	2024-10-11 19:37:01.8+02	191	SearchQuery object (191)	3		8	1
642	2024-10-11 19:37:01.8+02	190	SearchQuery object (190)	3		8	1
643	2024-10-11 19:37:01.8+02	189	SearchQuery object (189)	3		8	1
644	2024-10-11 19:37:01.8+02	188	SearchQuery object (188)	3		8	1
645	2024-10-11 19:37:01.8+02	187	SearchQuery object (187)	3		8	1
646	2024-10-11 19:37:01.8+02	186	SearchQuery object (186)	3		8	1
647	2024-10-11 19:37:01.8+02	185	SearchQuery object (185)	3		8	1
648	2024-10-11 19:37:01.8+02	184	SearchQuery object (184)	3		8	1
649	2024-10-11 19:37:01.8+02	183	SearchQuery object (183)	3		8	1
650	2024-10-11 19:37:01.8+02	182	SearchQuery object (182)	3		8	1
651	2024-10-11 19:37:01.8+02	181	SearchQuery object (181)	3		8	1
652	2024-10-11 19:37:01.8+02	180	SearchQuery object (180)	3		8	1
653	2024-10-11 19:37:01.8+02	179	SearchQuery object (179)	3		8	1
654	2024-10-11 19:37:01.8+02	178	SearchQuery object (178)	3		8	1
655	2024-10-11 19:37:01.8+02	177	SearchQuery object (177)	3		8	1
656	2024-10-11 19:37:01.8+02	176	SearchQuery object (176)	3		8	1
657	2024-10-11 19:37:01.8+02	175	SearchQuery object (175)	3		8	1
658	2024-10-11 19:37:01.8+02	174	SearchQuery object (174)	3		8	1
659	2024-10-11 19:37:01.8+02	173	SearchQuery object (173)	3		8	1
660	2024-10-11 19:37:01.8+02	172	SearchQuery object (172)	3		8	1
661	2024-10-11 19:37:01.8+02	171	SearchQuery object (171)	3		8	1
662	2024-10-11 19:37:01.8+02	170	SearchQuery object (170)	3		8	1
663	2024-10-11 19:37:01.8+02	169	SearchQuery object (169)	3		8	1
664	2024-10-11 19:37:01.8+02	168	SearchQuery object (168)	3		8	1
665	2024-10-11 19:37:01.8+02	167	SearchQuery object (167)	3		8	1
666	2024-10-11 19:37:01.8+02	166	SearchQuery object (166)	3		8	1
667	2024-10-11 19:37:01.8+02	165	SearchQuery object (165)	3		8	1
668	2024-10-11 19:37:01.8+02	164	SearchQuery object (164)	3		8	1
669	2024-10-11 19:37:01.8+02	163	SearchQuery object (163)	3		8	1
670	2024-10-11 19:37:01.8+02	162	SearchQuery object (162)	3		8	1
671	2024-10-11 19:37:01.8+02	161	SearchQuery object (161)	3		8	1
672	2024-10-11 19:37:01.8+02	160	SearchQuery object (160)	3		8	1
673	2024-10-11 19:37:01.8+02	159	SearchQuery object (159)	3		8	1
674	2024-10-11 19:37:01.8+02	158	SearchQuery object (158)	3		8	1
675	2024-10-11 19:37:01.8+02	157	SearchQuery object (157)	3		8	1
676	2024-10-11 19:37:01.8+02	156	SearchQuery object (156)	3		8	1
677	2024-10-11 19:37:01.8+02	155	SearchQuery object (155)	3		8	1
678	2024-10-11 19:37:01.8+02	154	SearchQuery object (154)	3		8	1
679	2024-10-11 19:37:01.8+02	153	SearchQuery object (153)	3		8	1
680	2024-10-11 19:37:01.8+02	152	SearchQuery object (152)	3		8	1
681	2024-10-11 19:37:01.8+02	151	SearchQuery object (151)	3		8	1
682	2024-10-11 19:37:01.8+02	150	SearchQuery object (150)	3		8	1
683	2024-10-11 19:37:01.8+02	149	SearchQuery object (149)	3		8	1
684	2024-10-11 19:37:01.8+02	148	SearchQuery object (148)	3		8	1
685	2024-10-11 19:37:01.8+02	147	SearchQuery object (147)	3		8	1
686	2024-10-11 19:37:01.8+02	146	SearchQuery object (146)	3		8	1
687	2024-10-11 19:37:01.8+02	145	SearchQuery object (145)	3		8	1
688	2024-10-11 19:37:01.8+02	144	SearchQuery object (144)	3		8	1
689	2024-10-11 19:37:01.8+02	143	SearchQuery object (143)	3		8	1
690	2024-10-11 19:37:01.8+02	142	SearchQuery object (142)	3		8	1
691	2024-10-11 19:37:01.8+02	141	SearchQuery object (141)	3		8	1
692	2024-10-11 19:37:01.8+02	140	SearchQuery object (140)	3		8	1
693	2024-10-11 19:37:01.8+02	139	SearchQuery object (139)	3		8	1
694	2024-10-11 19:37:01.8+02	138	SearchQuery object (138)	3		8	1
695	2024-10-11 19:37:01.8+02	137	SearchQuery object (137)	3		8	1
696	2024-10-11 19:37:08.337+02	136	SearchQuery object (136)	3		8	1
697	2024-10-11 19:37:08.337+02	135	SearchQuery object (135)	3		8	1
698	2024-10-11 19:37:08.337+02	134	SearchQuery object (134)	3		8	1
699	2024-10-11 19:37:08.337+02	133	SearchQuery object (133)	3		8	1
700	2024-10-11 19:37:08.337+02	132	SearchQuery object (132)	3		8	1
701	2024-10-11 19:37:08.337+02	131	SearchQuery object (131)	3		8	1
702	2024-10-11 19:37:08.337+02	130	SearchQuery object (130)	3		8	1
703	2024-10-11 19:37:08.337+02	129	SearchQuery object (129)	3		8	1
704	2024-10-11 19:37:08.337+02	128	SearchQuery object (128)	3		8	1
705	2024-10-11 19:37:08.337+02	127	SearchQuery object (127)	3		8	1
706	2024-10-11 19:37:08.337+02	126	SearchQuery object (126)	3		8	1
707	2024-10-11 19:37:08.337+02	125	SearchQuery object (125)	3		8	1
708	2024-10-11 19:37:08.337+02	124	SearchQuery object (124)	3		8	1
709	2024-10-11 19:37:08.337+02	123	SearchQuery object (123)	3		8	1
710	2024-10-11 19:37:08.337+02	122	SearchQuery object (122)	3		8	1
711	2024-10-11 19:37:08.337+02	121	SearchQuery object (121)	3		8	1
712	2024-10-11 19:37:08.337+02	120	SearchQuery object (120)	3		8	1
713	2024-10-11 19:37:08.337+02	119	SearchQuery object (119)	3		8	1
714	2024-10-11 19:37:08.337+02	118	SearchQuery object (118)	3		8	1
715	2024-10-11 19:37:08.337+02	117	SearchQuery object (117)	3		8	1
716	2024-10-11 19:37:08.337+02	116	SearchQuery object (116)	3		8	1
717	2024-10-11 19:37:08.337+02	115	SearchQuery object (115)	3		8	1
718	2024-10-11 19:37:08.337+02	114	SearchQuery object (114)	3		8	1
719	2024-10-11 19:37:08.337+02	113	SearchQuery object (113)	3		8	1
720	2024-10-11 19:37:08.337+02	112	SearchQuery object (112)	3		8	1
721	2024-10-11 19:37:08.337+02	111	SearchQuery object (111)	3		8	1
722	2024-10-11 19:37:08.337+02	110	SearchQuery object (110)	3		8	1
723	2024-10-11 19:37:08.337+02	109	SearchQuery object (109)	3		8	1
724	2024-10-11 19:37:08.337+02	108	SearchQuery object (108)	3		8	1
725	2024-10-11 19:37:08.337+02	107	SearchQuery object (107)	3		8	1
726	2024-10-11 19:37:08.337+02	106	SearchQuery object (106)	3		8	1
727	2024-10-11 19:37:08.337+02	105	SearchQuery object (105)	3		8	1
728	2024-10-11 19:37:08.337+02	104	SearchQuery object (104)	3		8	1
729	2024-10-11 19:37:08.337+02	103	SearchQuery object (103)	3		8	1
730	2024-10-11 19:37:08.337+02	102	SearchQuery object (102)	3		8	1
731	2024-10-11 19:37:08.337+02	101	SearchQuery object (101)	3		8	1
732	2024-10-11 19:37:08.337+02	100	SearchQuery object (100)	3		8	1
733	2024-10-11 19:37:08.337+02	99	SearchQuery object (99)	3		8	1
734	2024-10-11 19:37:08.337+02	98	SearchQuery object (98)	3		8	1
735	2024-10-11 19:37:08.337+02	97	SearchQuery object (97)	3		8	1
736	2024-10-11 19:37:08.337+02	96	SearchQuery object (96)	3		8	1
737	2024-10-11 19:37:08.337+02	95	SearchQuery object (95)	3		8	1
738	2024-10-11 19:37:08.337+02	94	SearchQuery object (94)	3		8	1
739	2024-10-11 19:37:08.337+02	93	SearchQuery object (93)	3		8	1
740	2024-10-11 19:37:08.337+02	92	SearchQuery object (92)	3		8	1
741	2024-10-11 19:37:08.337+02	91	SearchQuery object (91)	3		8	1
742	2024-10-11 19:37:08.337+02	90	SearchQuery object (90)	3		8	1
743	2024-10-11 19:37:08.337+02	89	SearchQuery object (89)	3		8	1
744	2024-10-11 19:37:08.337+02	88	SearchQuery object (88)	3		8	1
745	2024-10-11 19:37:08.337+02	87	SearchQuery object (87)	3		8	1
746	2024-10-11 19:37:08.337+02	86	SearchQuery object (86)	3		8	1
747	2024-10-11 19:37:08.337+02	85	SearchQuery object (85)	3		8	1
748	2024-10-11 19:37:08.337+02	84	SearchQuery object (84)	3		8	1
749	2024-10-11 19:37:08.337+02	83	SearchQuery object (83)	3		8	1
750	2024-10-11 19:37:08.337+02	82	SearchQuery object (82)	3		8	1
751	2024-10-11 19:37:08.337+02	81	SearchQuery object (81)	3		8	1
752	2024-10-11 19:37:08.337+02	80	SearchQuery object (80)	3		8	1
753	2024-10-11 19:37:08.337+02	79	SearchQuery object (79)	3		8	1
754	2024-10-11 19:37:08.337+02	78	SearchQuery object (78)	3		8	1
755	2024-10-11 19:37:08.337+02	77	SearchQuery object (77)	3		8	1
756	2024-10-11 19:37:08.337+02	76	SearchQuery object (76)	3		8	1
757	2024-10-11 19:37:08.337+02	75	SearchQuery object (75)	3		8	1
758	2024-10-11 19:37:08.337+02	74	SearchQuery object (74)	3		8	1
759	2024-10-11 19:37:08.337+02	73	SearchQuery object (73)	3		8	1
760	2024-10-11 19:37:08.337+02	72	SearchQuery object (72)	3		8	1
761	2024-10-11 19:37:08.337+02	71	SearchQuery object (71)	3		8	1
762	2024-10-11 19:37:08.337+02	70	SearchQuery object (70)	3		8	1
763	2024-10-11 19:37:08.337+02	69	SearchQuery object (69)	3		8	1
764	2024-10-11 19:37:08.337+02	68	SearchQuery object (68)	3		8	1
765	2024-10-11 19:37:08.337+02	67	SearchQuery object (67)	3		8	1
766	2024-10-11 19:37:08.337+02	66	SearchQuery object (66)	3		8	1
767	2024-10-11 19:37:08.337+02	65	SearchQuery object (65)	3		8	1
768	2024-10-11 19:37:08.341+02	64	SearchQuery object (64)	3		8	1
769	2024-10-11 19:37:08.341+02	63	SearchQuery object (63)	3		8	1
770	2024-10-11 19:37:08.341+02	62	SearchQuery object (62)	3		8	1
771	2024-10-11 19:37:08.341+02	61	SearchQuery object (61)	3		8	1
772	2024-10-11 19:37:08.342+02	60	SearchQuery object (60)	3		8	1
773	2024-10-11 19:37:08.342+02	59	SearchQuery object (59)	3		8	1
774	2024-10-11 19:37:08.342+02	58	SearchQuery object (58)	3		8	1
775	2024-10-11 19:37:08.342+02	57	SearchQuery object (57)	3		8	1
776	2024-10-11 19:37:08.342+02	56	SearchQuery object (56)	3		8	1
777	2024-10-11 19:37:08.342+02	55	SearchQuery object (55)	3		8	1
778	2024-10-11 19:37:08.342+02	54	SearchQuery object (54)	3		8	1
779	2024-10-11 19:37:08.342+02	53	SearchQuery object (53)	3		8	1
780	2024-10-11 19:37:08.342+02	52	SearchQuery object (52)	3		8	1
781	2024-10-11 19:37:08.342+02	51	SearchQuery object (51)	3		8	1
782	2024-10-11 19:37:08.342+02	50	SearchQuery object (50)	3		8	1
783	2024-10-11 19:37:08.342+02	49	SearchQuery object (49)	3		8	1
784	2024-10-11 19:37:08.342+02	48	SearchQuery object (48)	3		8	1
785	2024-10-11 19:37:08.342+02	47	SearchQuery object (47)	3		8	1
786	2024-10-11 19:37:08.342+02	46	SearchQuery object (46)	3		8	1
787	2024-10-11 19:37:08.342+02	45	SearchQuery object (45)	3		8	1
788	2024-10-11 19:37:08.342+02	44	SearchQuery object (44)	3		8	1
789	2024-10-11 19:37:08.342+02	43	SearchQuery object (43)	3		8	1
790	2024-10-11 19:37:08.342+02	42	SearchQuery object (42)	3		8	1
791	2024-10-11 19:37:08.342+02	41	SearchQuery object (41)	3		8	1
792	2024-10-11 19:37:08.343+02	40	SearchQuery object (40)	3		8	1
793	2024-10-11 19:37:08.343+02	39	SearchQuery object (39)	3		8	1
794	2024-10-11 19:37:08.343+02	38	SearchQuery object (38)	3		8	1
795	2024-10-11 19:37:08.343+02	37	SearchQuery object (37)	3		8	1
796	2024-10-11 19:37:16.293+02	36	SearchQuery object (36)	3		8	1
797	2024-10-11 19:37:16.293+02	35	SearchQuery object (35)	3		8	1
798	2024-10-11 19:37:16.293+02	34	SearchQuery object (34)	3		8	1
799	2024-10-11 19:37:16.293+02	33	SearchQuery object (33)	3		8	1
800	2024-10-11 19:37:16.293+02	32	SearchQuery object (32)	3		8	1
801	2024-10-11 19:37:16.293+02	31	SearchQuery object (31)	3		8	1
802	2024-10-11 19:37:16.293+02	30	SearchQuery object (30)	3		8	1
803	2024-10-11 19:37:16.293+02	29	SearchQuery object (29)	3		8	1
804	2024-10-11 19:37:16.293+02	28	SearchQuery object (28)	3		8	1
805	2024-10-11 19:37:16.293+02	27	SearchQuery object (27)	3		8	1
806	2024-10-11 19:37:16.293+02	26	SearchQuery object (26)	3		8	1
807	2024-10-11 19:37:16.293+02	25	SearchQuery object (25)	3		8	1
808	2024-10-11 19:37:16.293+02	24	SearchQuery object (24)	3		8	1
809	2024-10-11 19:37:16.293+02	23	SearchQuery object (23)	3		8	1
810	2024-10-11 19:37:16.295+02	22	SearchQuery object (22)	3		8	1
811	2024-10-11 19:37:16.295+02	21	SearchQuery object (21)	3		8	1
812	2024-10-11 19:37:16.295+02	20	SearchQuery object (20)	3		8	1
813	2024-10-11 19:37:16.295+02	19	SearchQuery object (19)	3		8	1
814	2024-10-11 19:37:16.295+02	18	SearchQuery object (18)	3		8	1
815	2024-10-11 19:37:16.295+02	17	SearchQuery object (17)	3		8	1
816	2024-10-11 19:37:16.295+02	16	SearchQuery object (16)	3		8	1
817	2024-10-11 19:37:16.296+02	15	SearchQuery object (15)	3		8	1
818	2024-10-11 19:37:16.296+02	14	SearchQuery object (14)	3		8	1
819	2024-10-11 19:37:16.296+02	13	SearchQuery object (13)	3		8	1
820	2024-10-11 19:37:16.296+02	12	SearchQuery object (12)	3		8	1
821	2024-10-11 19:37:16.296+02	11	SearchQuery object (11)	3		8	1
822	2024-10-11 19:37:16.296+02	10	SearchQuery object (10)	3		8	1
823	2024-10-11 19:37:16.296+02	9	SearchQuery object (9)	3		8	1
824	2024-10-11 19:37:16.296+02	8	SearchQuery object (8)	3		8	1
825	2024-10-11 19:37:16.296+02	7	SearchQuery object (7)	3		8	1
826	2024-10-11 19:37:16.296+02	6	SearchQuery object (6)	3		8	1
827	2024-10-11 19:37:16.296+02	5	SearchQuery object (5)	3		8	1
828	2024-10-11 19:37:16.296+02	4	SearchQuery object (4)	3		8	1
829	2024-10-11 19:37:16.296+02	3	SearchQuery object (3)	3		8	1
830	2024-10-11 19:37:16.296+02	2	SearchQuery object (2)	3		8	1
831	2024-10-11 19:37:16.296+02	1	SearchQuery object (1)	3		8	1
832	2024-12-25 19:22:31.958+01	1	Administrator	2	[{"changed": {"fields": ["Username", "Email address"]}}]	4	1
833	2024-12-25 19:22:43.11+01	5	simi	3		4	1
834	2024-12-25 20:10:45.893+01	2	Osnivanje nazarenske vere	2	[{"changed": {"fields": ["Kontakt za porudzbine", "Broj telefona porudzbine"]}}]	18	1
835	2024-12-25 20:32:42.148+01	3	Dodatak Zbirke Slavopoja Gospodu Bogu	1	[{"added": {}}]	21	1
836	2024-12-25 20:33:05.219+01	4	Arhiva Zbirke Slavopoja Gospodu Bogu	1	[{"added": {}}]	21	1
837	2024-12-25 20:33:22.098+01	5	De─ìija pojanica	1	[{"added": {}}]	21	1
838	2025-01-03 19:00:03.312563+01	5	Dečija pojanica	2	[{"changed": {"fields": ["Name"]}}]	21	1
839	2025-01-03 19:00:43.015383+01	2	Zbirka Slavopoja Gospodu Bogu 001 U tamnoj noći	2	[{"changed": {"fields": ["Title"]}}]	20	1
840	2025-01-03 19:00:53.521946+01	3	Zbirka Slavopoja Gospodu Bogu 002 Silni Bože	2	[{"changed": {"fields": ["Title"]}}]	20	1
841	2025-01-03 19:02:12.999325+01	25	Murć Velja	2	[{"changed": {"fields": ["Title"]}}]	7	1
842	2025-01-03 19:02:28.572119+01	10	Velja Murić	2	[{"changed": {"fields": ["Name"]}}]	11	1
843	2025-01-03 19:02:45.145567+01	1	Milan Vujanić	2	[{"changed": {"fields": ["Name"]}}]	11	1
844	2025-01-03 19:02:50.815005+01	3	Jovan Munćan	2	[{"changed": {"fields": ["Name"]}}]	11	1
845	2025-01-03 19:02:58.682374+01	4	Petar Rakić	2	[{"changed": {"fields": ["Name"]}}]	11	1
846	2025-01-03 19:03:07.794161+01	7	Duško Isakov	2	[{"changed": {"fields": ["Name"]}}]	11	1
847	2025-01-03 19:03:15.155312+01	8	Karlo Hrubik mlađi	2	[{"changed": {"fields": ["Name"]}}]	11	1
848	2025-01-03 19:03:24.856929+01	11	Zoran Đerđ	2	[{"changed": {"fields": ["Name"]}}]	11	1
849	2025-01-03 19:04:36.321715+01	17	Hrubik Karlo mlađi	2	[{"changed": {"fields": ["Title"]}}]	7	1
850	2025-01-03 19:04:47.855639+01	19	Munćan Jovan	2	[{"changed": {"fields": ["Title"]}}]	7	1
851	2025-01-03 19:05:20.798645+01	21	Rakić Petar	2	[{"changed": {"fields": ["Title"]}}]	7	1
852	2025-01-03 19:06:51.708157+01	19	Munćan Jovan	2	[{"changed": {"fields": ["Audio"]}}]	7	1
853	2025-01-25 18:05:33.948923+01	1	Administrator	2	[{"changed": {"fields": ["password"]}}]	4	1
\.


--
-- Data for Name: django_content_type; Type: TABLE DATA; Schema: public; Owner: postgres
--

COPY public.django_content_type (id, app_label, model) FROM stdin;
1	admin	logentry
2	auth	permission
3	auth	group
4	auth	user
5	contenttypes	contenttype
6	sessions	session
7	blog	sluzbapost
8	searches	searchquery
9	blog	pojanjapost
10	blog	folder
11	blog	foldersluzbe
12	biblija	starizavetknjige
13	biblija	starizavettext
14	biblija	starizavetglave
15	biblija	novizavetknjige
16	biblija	novizavettext
17	biblija	novizavetglave
18	knjige	knjiga
19	pojanice	listapojanja
20	pojanice	pojanje
21	pojanice	pojanica
22	pojanice	starapojanicafolder
23	pojanice	starapojanica
24	mape	mesto
\.


--
-- Data for Name: django_migrations; Type: TABLE DATA; Schema: public; Owner: postgres
--

COPY public.django_migrations (id, app, name, applied) FROM stdin;
1	contenttypes	0001_initial	2024-12-26 19:19:41.284699+01
2	auth	0001_initial	2024-12-26 19:19:41.355444+01
3	admin	0001_initial	2024-12-26 19:19:41.377466+01
4	admin	0002_logentry_remove_auto_add	2024-12-26 19:19:41.386574+01
5	admin	0003_logentry_add_action_flag_choices	2024-12-26 19:19:41.392574+01
6	contenttypes	0002_remove_content_type_name	2024-12-26 19:19:41.410286+01
7	auth	0002_alter_permission_name_max_length	2024-12-26 19:19:41.418534+01
8	auth	0003_alter_user_email_max_length	2024-12-26 19:19:41.425841+01
9	auth	0004_alter_user_username_opts	2024-12-26 19:19:41.431931+01
10	auth	0005_alter_user_last_login_null	2024-12-26 19:19:41.440089+01
11	auth	0006_require_contenttypes_0002	2024-12-26 19:19:41.442049+01
12	auth	0007_alter_validators_add_error_messages	2024-12-26 19:19:41.448325+01
13	auth	0008_alter_user_username_max_length	2024-12-26 19:19:41.461209+01
14	auth	0009_alter_user_last_name_max_length	2024-12-26 19:19:41.469443+01
15	auth	0010_alter_group_name_max_length	2024-12-26 19:19:41.4789+01
16	auth	0011_update_proxy_permissions	2024-12-26 19:19:41.486339+01
17	auth	0012_alter_user_first_name_max_length	2024-12-26 19:19:41.493333+01
18	biblija	0001_initial	2024-12-26 19:19:41.527752+01
19	biblija	0002_alter_starizavetglave_folder_and_more	2024-12-26 19:19:41.53398+01
20	biblija	0003_remove_starizavettext_folder_and_more	2024-12-26 19:19:41.567394+01
21	biblija	0004_starizavettext_folder_alter_starizavettext_glava	2024-12-26 19:19:41.598554+01
22	biblija	0005_remove_starizavettext_folder_and_more	2024-12-26 19:19:41.622723+01
23	biblija	0006_remove_starizavetglave_folder_starizavetglave_name_and_more	2024-12-26 19:19:41.651511+01
24	biblija	0007_novizavetknjige_novizavetglave_novizavettext	2024-12-26 19:19:41.688217+01
25	biblija	0008_novizavettext_audio	2024-12-26 19:19:41.693596+01
26	biblija	0009_starizavettext_audio	2024-12-26 19:19:41.6996+01
27	blog	0001_initial	2024-12-26 19:19:41.705338+01
28	blog	0002_blogpost_content	2024-12-26 19:19:41.709309+01
29	blog	0003_blogpost_slug	2024-12-26 19:19:41.716699+01
30	blog	0004_auto_20240806_1112	2024-12-26 19:19:41.726061+01
31	blog	0005_auto_20240806_1541	2024-12-26 19:19:41.737416+01
32	blog	0006_blogpost_user	2024-12-26 19:19:41.7555+01
33	blog	0007_auto_20240807_1255	2024-12-26 19:19:41.775354+01
34	blog	0008_auto_20240807_1300	2024-12-26 19:19:41.783928+01
35	blog	0009_blogpost_image	2024-12-26 19:19:41.79193+01
36	blog	0010_auto_20240807_1941	2024-12-26 19:19:41.799261+01
37	blog	0011_alter_blogpost_image	2024-12-26 19:19:41.806443+01
38	blog	0012_blogpost_glava_blogpost_tema_alter_blogpost_title	2024-12-26 19:19:41.828152+01
39	blog	0013_alter_blogpost_publish_date	2024-12-26 19:19:41.844838+01
40	blog	0014_alter_blogpost_slug	2024-12-26 19:19:41.857632+01
41	blog	0015_alter_blogpost_image	2024-12-26 19:19:41.864654+01
42	blog	0016_rename_image_blogpost_audio	2024-12-26 19:19:41.87269+01
43	blog	0017_alter_blogpost_audio	2024-12-26 19:19:41.880295+01
44	blog	0018_alter_blogpost_options	2024-12-26 19:19:41.887578+01
45	blog	0019_alter_blogpost_options	2024-12-26 19:19:41.894806+01
46	blog	0020_alter_blogpost_options	2024-12-26 19:19:41.902807+01
47	blog	0021_pojanjapost	2024-12-26 19:19:41.920418+01
48	blog	0022_alter_pojanjapost_options	2024-12-26 19:19:41.928809+01
49	blog	0023_alter_pojanjapost_options	2024-12-26 19:19:41.93611+01
50	blog	0024_folder_pojanjapost_artist_pojanjapost_folder	2024-12-26 19:19:41.959699+01
51	blog	0025_alter_blogpost_audio_alter_pojanjapost_audio	2024-12-26 19:19:41.97424+01
52	blog	0026_alter_blogpost_audio_alter_pojanjapost_audio	2024-12-26 19:19:42.03355+01
53	blog	0027_foldersluzbe_blogpost_folder	2024-12-26 19:19:42.052036+01
54	blog	0028_pojanjapost_language	2024-12-26 19:19:42.062321+01
55	blog	0029_folder_language	2024-12-26 19:19:42.066525+01
56	blog	0030_remove_pojanjapost_language	2024-12-26 19:19:42.075149+01
57	blog	0031_rename_blogpost_sluzbapost	2024-12-26 19:19:42.096742+01
58	knjige	0001_initial	2024-12-26 19:19:42.106052+01
59	knjige	0002_rename_content_knjiga_opis	2024-12-26 19:19:42.109093+01
60	knjige	0003_alter_knjiga_knjiga	2024-12-26 19:19:42.112084+01
61	knjige	0004_rename_opis_knjiga_opis_knjiga_where_to_buy_and_more	2024-12-26 19:19:42.118442+01
62	knjige	0005_remove_knjiga_where_to_buy	2024-12-26 19:19:42.12146+01
63	knjige	0006_knjiga_broj_telefona_porudzbine_and_more	2024-12-26 19:19:42.125883+01
64	mape	0001_initial	2024-12-26 19:19:42.133917+01
65	mape	0002_mesto_lat_mesto_lon	2024-12-26 19:19:42.139222+01
66	mape	0003_mesto_prodata	2024-12-26 19:19:42.143179+01
67	mape	0004_remove_mesto_prodata_mesto_status	2024-12-26 19:19:42.147765+01
68	mape	0005_alter_mesto_fotografija	2024-12-26 19:19:42.151808+01
69	mape	0006_alter_mesto_fotografija	2024-12-26 19:19:42.154099+01
70	mape	0007_alter_mesto_fotografija	2024-12-26 19:19:42.1591+01
71	mape	0008_alter_mesto_fotografija	2024-12-26 19:19:42.162131+01
72	pojanice	0001_initial	2024-12-26 19:19:42.196963+01
73	pojanice	0002_pojanica_godina_izdanja	2024-12-26 19:19:42.20433+01
74	pojanice	0003_pojanje_audio	2024-12-26 19:19:42.210337+01
75	pojanice	0004_alter_listapojanja_broj_alter_pojanje_broj	2024-12-26 19:19:42.230238+01
76	pojanice	0005_pojanje_skracenica	2024-12-26 19:19:42.241764+01
77	pojanice	0006_starapojanicafolder_starapojanica	2024-12-26 19:19:42.266692+01
78	pojanice	0007_starapojanicafolder_jezik	2024-12-26 19:19:42.270952+01
79	searches	0001_initial	2024-12-26 19:19:42.288631+01
80	sessions	0001_initial	2024-12-26 19:19:42.298953+01
81	blog	0032_alter_folder_id_alter_foldersluzbe_id_and_more	2025-01-03 15:21:26.53336+01
82	searches	0002_alter_searchquery_id	2025-01-03 15:21:26.619601+01
\.


--
-- Data for Name: django_session; Type: TABLE DATA; Schema: public; Owner: postgres
--

COPY public.django_session (session_key, session_data, expire_date) FROM stdin;
b9ozr8m7x0qkbbxpfmnbw7w58cn9ncxg	.eJxVjDEOwjAMRe-SGUU4oXbFyM4ZIid2SAElUtNOiLtDpQ6w_vfef5nA61LC2nUOk5izAXP43SKnh9YNyJ3rrdnU6jJP0W6K3Wm31yb6vOzu30HhXr61dxEJwWfK6gA4okNIkMmh8MhZBklMyFkHyqIpQsQTj-KPJJRUzPsD85I5Gw:1shlpB:hVXfg53R7JtipA9Opgl5OB1LrNAQVPEx0IkHp1LG2aU	2024-09-07 10:08:41.854+02
dei5d52hyo00de7hspiiabl41a8j8erl	.eJxVjDEOwjAMRe-SGUU4oXbFyM4ZIid2SAElUtNOiLtDpQ6w_vfef5nA61LC2nUOk5izAXP43SKnh9YNyJ3rrdnU6jJP0W6K3Wm31yb6vOzu30HhXr61dxEJwWfK6gA4okNIkMmh8MhZBklMyFkHyqIpQsQTj-KPJJRUzPsD85I5Gw:1sjJEU:mKZ1QS8RvEKK_wY9D66JtcR2QNwc2TlUfRUIGX2rJ0Y	2024-09-11 16:01:10.435+02
ek5hof5ke34iy9yofgux3n1sl52ebzmy	ZDE0NDkyMjU2OWRkYjIxMzlmNDc5YmVhM2IyY2JjM2MyNTJlYWM4MTp7Il9hdXRoX3VzZXJfaWQiOiIxIiwiX2F1dGhfdXNlcl9iYWNrZW5kIjoiZGphbmdvLmNvbnRyaWIuYXV0aC5iYWNrZW5kcy5Nb2RlbEJhY2tlbmQiLCJfYXV0aF91c2VyX2hhc2giOiI1MjVlMmNiYjcwZTk1ZGI5NmFiNjI2NzU3ZTkxOWZmMzVlNzNhYjUyIn0=	2024-08-20 16:26:28.803+02
hyp46wphvyax0psk0laqhvbjv4widpha	.eJxVjDEOwjAMRe-SGUU4oXbFyM4ZIid2SAElUtNOiLtDpQ6w_vfef5nA61LC2nUOk5izAXP43SKnh9YNyJ3rrdnU6jJP0W6K3Wm31yb6vOzu30HhXr61dxEJwWfK6gA4okNIkMmh8MhZBklMyFkHyqIpQsQTj-KPJJRUzPsD85I5Gw:1sjI4B:QSmdJ2l9UoruuXCGJkIkPU5dRXzqf1jhOqINROhG6X4	2024-09-11 14:46:27.471+02
j2c2djfra2kw24qo87f65pcv3kv4olia	YTFiMzk1YzhjZDRmZDcwM2VlODc4M2YwNzYwZGE3NjRiNjllMjJiNzp7Il9hdXRoX3VzZXJfaWQiOiI1IiwiX2F1dGhfdXNlcl9iYWNrZW5kIjoiZGphbmdvLmNvbnRyaWIuYXV0aC5iYWNrZW5kcy5Nb2RlbEJhY2tlbmQiLCJfYXV0aF91c2VyX2hhc2giOiIxOTg5ODZlZDAwNTQ3YWFiM2IxZWM3MzQ1ODJkZjIyNzlkMjM5NTZlIn0=	2024-08-20 18:14:08.245+02
myefb6bzysge0qc8ghxv2hpkb4th0amh	.eJxVjDEOwjAMRe-SGUU4oXbFyM4ZIid2SAElUtNOiLtDpQ6w_vfef5nA61LC2nUOk5izAXP43SKnh9YNyJ3rrdnU6jJP0W6K3Wm31yb6vOzu30HhXr61dxEJwWfK6gA4okNIkMmh8MhZBklMyFkHyqIpQsQTj-KPJJRUzPsD85I5Gw:1szJ4c:RHwP9q80h2wHDTgKAG3u7v9SFHmTbWdJ7qaT7Kt0b-A	2024-10-25 19:05:06.869+02
oeb5vxrd3vlqflvopljfqw8uo480qhxx	.eJxVjDEOwjAMRe-SGUU4oXbFyM4ZIid2SAElUtNOiLtDpQ6w_vfef5nA61LC2nUOk5izAXP43SKnh9YNyJ3rrdnU6jJP0W6K3Wm31yb6vOzu30HhXr61dxEJwWfK6gA4okNIkMmh8MhZBklMyFkHyqIpQsQTj-KPJJRUzPsD85I5Gw:1szJ2R:QbSgrhyRiISeoP12tAhxzdPJW25VxYVK5edXEAP3SJ4	2024-10-25 19:02:51.76+02
olk973x692wlo3puqjb2b8f47useebv5	.eJxVjDEOwjAMRe-SGUU4oXbFyM4ZIid2SAElUtNOiLtDpQ6w_vfef5nA61LC2nUOk5izAXP43SKnh9YNyJ3rrdnU6jJP0W6K3Wm31yb6vOzu30HhXr61dxEJwWfK6gA4okNIkMmh8MhZBklMyFkHyqIpQsQTj-KPJJRUzPsD85I5Gw:1tQsma:xzPTzOjBdztzvW3dfqFvX-lajkppzjMIoY3pQ9dMoM0	2025-01-09 19:40:28.99+01
q4ptvz6q82gkwwg9yjc26fv5omu1dozn	.eJxVjDEOwjAMRe-SGUU4oXbFyM4ZIid2SAElUtNOiLtDpQ6w_vfef5nA61LC2nUOk5izAXP43SKnh9YNyJ3rrdnU6jJP0W6K3Wm31yb6vOzu30HhXr61dxEJwWfK6gA4okNIkMmh8MhZBklMyFkHyqIpQsQTj-KPJJRUzPsD85I5Gw:1t7yOB:ueuSL0uiNNXMeQaBNZ0s9yVToIjoD-Vt0M2N30Z9dIA	2024-11-18 15:49:07.577+01
qrdzs8gzeppdmk22471h5bb72u3b6fec	.eJxVjDEOwjAMRe-SGUU4oXbFyM4ZIid2SAElUtNOiLtDpQ6w_vfef5nA61LC2nUOk5izAXP43SKnh9YNyJ3rrdnU6jJP0W6K3Wm31yb6vOzu30HhXr61dxEJwWfK6gA4okNIkMmh8MhZBklMyFkHyqIpQsQTj-KPJJRUzPsD85I5Gw:1szJ5p:du51rTtCGATJnJngRrQL_H12SDNKDc9tdBMGxj7UbJI	2024-10-25 19:06:21.638+02
qz5gi2avb9wlds60v4v34zdhm3yv9z6f	.eJxVjDEOwjAMRe-SGUU4oXbFyM4ZIid2SAElUtNOiLtDpQ6w_vfef5nA61LC2nUOk5izAXP43SKnh9YNyJ3rrdnU6jJP0W6K3Wm31yb6vOzu30HhXr61dxEJwWfK6gA4okNIkMmh8MhZBklMyFkHyqIpQsQTj-KPJJRUzPsD85I5Gw:1tQW11:aObuSsICnHDNo3B35T7R3toeu66W-bpusBDuPiYViwE	2025-01-08 19:21:51.362+01
t1rured14rlh405yckb6wqmsne3ncd2d	.eJxVjDEOwjAMRe-SGUU4oXbFyM4ZIid2SAElUtNOiLtDpQ6w_vfef5nA61LC2nUOk5izAXP43SKnh9YNyJ3rrdnU6jJP0W6K3Wm31yb6vOzu30HhXr61dxEJwWfK6gA4okNIkMmh8MhZBklMyFkHyqIpQsQTj-KPJJRUzPsD85I5Gw:1smdHO:jfcrhzC3Ex8jdT4DYmfPPWlxvn8Z2W-csOUJqxJsBF0	2024-09-20 20:01:54.894+02
purykgqomet9mh16mj6xns3uj4tifsm0	.eJxVjDEOwjAMRe-SGUU4oXbFyM4ZIid2SAElUtNOiLtDpQ6w_vfef5nA61LC2nUOk5izAXP43SKnh9YNyJ3rrdnU6jJP0W6K3Wm31yb6vOzu30HhXr61dxEJwWfK6gA4okNIkMmh8MhZBklMyFkHyqIpQsQTj-KPJJRUzPsD85I5Gw:1tTisn:PNOJcc7z4h9mZG2R1lm7t7qbmZnV8puRgb31ZbHb2wo	2025-01-17 15:42:37.33389+01
4aq4r2qhzyckrh5demi67aejjldta9wv	.eJxVjDsOwjAQBe_iGln-bbKmpM8ZrLW9wgFkS3FSIe5OIqWAdmbee4tA21rC1nkJcxZXocXll0VKT66HyA-q9yZTq-syR3kk8rRdTi3z63a2fweFetnXwJlUjOgtEGlvnUfSbBMC4TCQQmNNHBU73IlSyKhwzF5HA6ATOPH5AtPNNuE:1tbjbB:HK0anqh2vdsT2bg0Fg9Zy5i8h7svmPeq5VoTYOec7Go	2025-02-08 18:05:33.972867+01
\.


--
-- Data for Name: knjige_knjiga; Type: TABLE DATA; Schema: public; Owner: postgres
--

COPY public.knjige_knjiga (id, knjiga, title, slug, opis, where_to_buy_link, broj_telefona_porudzbine, kontakt_za_porudzbine) FROM stdin;
1		proba	proba	Proba 123	https://www.w3schools.com/css/css_align.asp	\N	\N
2	files/knjige/Beginning_of_Nazaren_Faith_in_Serbian.pdf	Osnivanje nazarenske vere	osnivanje-nazarenske-vere	Osniva─ì nazarenske vere je Samuilo Heinrih Fr├╢lich. On se rodio 7. jula 1803 godine u Burgu u ┼ávajcarskoj. Otac mu je bio opan─ìar u Burgu i ┼╛eleo je da mu sin svr┼íi bogosloviju i da se oda sve┼íteni─ìkom ─ìinu protestanske veroispovesti. Do svoje sedamnaeste godine u─ìio je ┼íkolu u Burgu. Zatim je 1820. godine pre┼íao u Cirih gde je zavr┼íio gimnaziju. S jeseni 1823. godine oti┼íao je u Bazel u novootvorenu protestansku bogosloviju....	\N	+381 63 717 8555	Simon
\.


--
-- Data for Name: mape_mesto; Type: TABLE DATA; Schema: public; Owner: postgres
--

COPY public.mape_mesto (id, mesto, adresa, fotografija, opis, attenders, lat, lon, status) FROM stdin;
1	Bege─ì	─Éure Jak┼íi─ça 18	skupstine/DSC04284.JPG		35	45.239029	19.626179	Aktivna
2	Novi Sad	Valentina Vodnika 12	skupstine/IMG_0108_SFGVsNY.JPG		\N	45.256078	19.836627	Aktivna
3	Glo┼╛an	Ljudevita Dudoka 8			\N	45.277015	19.569061	Aktivna
4	─îelarevo	\N			\N	45.267732	19.524203	\N
5	Petrovaradin	\N	skupstine/_30_01292.jpg		\N	45.252064	19.874771	Petrovaradin
6	Stara Moravica	\N	skupstine/IMG_5119.JPG		\N	45.868293	19.467135	\N
7	Turija	\N	skupstine/IMG_2377.JPG		\N	45.537847	19.858426	\N
8	Rumenka	Petefi ┼áandora 33	skupstine/IMG_9816.JPG		\N	45.294328	19.74308	Aktivna
9	Futog	Branka Radi─ìevi─ça 9			\N	45.237153	19.712886	Neaktivna
10	Elemir	Lenjinova 21	skupstine/__9_01729.jpg		\N	45.442282	20.295556	\N
11	Ba─ìki Vinogradi	Br 322			\N	46.125662	19.855812	Neaktivna
12	Budisava	Vuka Karad┼╛i─ça			\N	45.278823	19.99176	Budisava
13	Omoljica	Banatska 7	skupstine/__1_01759.jpg		\N	44.760056	20.730388	Aktivna
14	Ba─ìki Petrovac	Kolarova 7			\N	45.359467	19.591647	Petrovaradin
\.


--
-- Data for Name: pojanice_listapojanja; Type: TABLE DATA; Schema: public; Owner: postgres
--

COPY public.pojanice_listapojanja (id, broj, slug, folder_id) FROM stdin;
1	001	001	2
2	002	002	2
\.


--
-- Data for Name: pojanice_pojanica; Type: TABLE DATA; Schema: public; Owner: postgres
--

COPY public.pojanice_pojanica (id, name, slug, godina_izdanja) FROM stdin;
1	Nova Harfa Siona	nova-harfa-siona	1996.
2	Zbirka Slavopoja Gospodu Bogu	zbirka-slavopoja-gospodu-bogu	2018.
3	Dodatak Zbirke Slavopoja Gospodu Bogu	dodatak-zbirke-slavopoja-gospodu-bogu	2024
4	Arhiva Zbirke Slavopoja Gospodu Bogu	arhiva-zbirke-slavopoja-gospodu-bogu	\N
5	Dečija pojanica	decija-pojanica	\N
\.


--
-- Data for Name: pojanice_pojanje; Type: TABLE DATA; Schema: public; Owner: postgres
--

COPY public.pojanice_pojanje (id, title, broj, slug, file, pojanje_id, audio, skracenica) FROM stdin;
2	U tamnoj noći	001	u-tamnoj-noci-1	files/pojanice/Zbirka_Slavopoja_Gospodu_Bogu-1-2.pdf	1	audio/citanje/01-Prva_glava_Otkrivenja_Jovana_Bogoslova_0LllMPx.mp3	ZS
3	Silni Bože	002	silni-boze	files/pojanice/Zbirka_Slavopoja_Gospodu_Bogu-3-6.pdf	2	audio/citanje/11_Svetlost_se_sija_332.mp3	ZS
\.


--
-- Data for Name: pojanice_starapojanica; Type: TABLE DATA; Schema: public; Owner: postgres
--

COPY public.pojanice_starapojanica (id, title, slug, file, pojanje_id) FROM stdin;
1	\N	1878	files/pojanice/Beginning_of_Nazaren_Faith_in_Serbian.pdf	1
2	\N	1886	files/pojanice/Nova_harfa_Siona_1886.pdf	2
\.


--
-- Data for Name: pojanice_starapojanicafolder; Type: TABLE DATA; Schema: public; Owner: postgres
--

COPY public.pojanice_starapojanicafolder (id, name, slug, izdanje, godina_izdanja, jezik) FROM stdin;
1	Nova Harfa Siona	nova-harfa-siona-1878	Prvo	1878	srpsko
2	Nova Harfa Siona	nova-harfa-siona-1886	Drugo	1886	srpsko
3	Nova Harfa Siona	nova-harfa-siona-1896	Tre─çe	1896	srpsko
\.


--
-- Data for Name: searches_searchquery; Type: TABLE DATA; Schema: public; Owner: postgres
--

COPY public.searches_searchquery (id, query, "timestamp", user_id) FROM stdin;
1	ZS 002	2025-01-03 19:01:12.290212+01	1
2	jov	2025-01-03 19:01:21.870305+01	1
\.


--
-- Name: auth_group_id_seq; Type: SEQUENCE SET; Schema: public; Owner: postgres
--

SELECT pg_catalog.setval('public.auth_group_id_seq', 1, false);


--
-- Name: auth_group_permissions_id_seq; Type: SEQUENCE SET; Schema: public; Owner: postgres
--

SELECT pg_catalog.setval('public.auth_group_permissions_id_seq', 1, false);


--
-- Name: auth_permission_id_seq; Type: SEQUENCE SET; Schema: public; Owner: postgres
--

SELECT pg_catalog.setval('public.auth_permission_id_seq', 100, true);


--
-- Name: auth_user_groups_id_seq; Type: SEQUENCE SET; Schema: public; Owner: postgres
--

SELECT pg_catalog.setval('public.auth_user_groups_id_seq', 1, false);


--
-- Name: auth_user_id_seq; Type: SEQUENCE SET; Schema: public; Owner: postgres
--

SELECT pg_catalog.setval('public.auth_user_id_seq', 6, true);


--
-- Name: auth_user_user_permissions_id_seq; Type: SEQUENCE SET; Schema: public; Owner: postgres
--

SELECT pg_catalog.setval('public.auth_user_user_permissions_id_seq', 1, false);


--
-- Name: biblija_novizavetglave_id_seq; Type: SEQUENCE SET; Schema: public; Owner: postgres
--

SELECT pg_catalog.setval('public.biblija_novizavetglave_id_seq', 24, true);


--
-- Name: biblija_novizavetknjige_id_seq; Type: SEQUENCE SET; Schema: public; Owner: postgres
--

SELECT pg_catalog.setval('public.biblija_novizavetknjige_id_seq', 27, true);


--
-- Name: biblija_novizavettext_id_seq; Type: SEQUENCE SET; Schema: public; Owner: postgres
--

SELECT pg_catalog.setval('public.biblija_novizavettext_id_seq', 23, true);


--
-- Name: biblija_starizavetglave_id_seq; Type: SEQUENCE SET; Schema: public; Owner: postgres
--

SELECT pg_catalog.setval('public.biblija_starizavetglave_id_seq', 52, true);


--
-- Name: biblija_starizavetknjige_id_seq; Type: SEQUENCE SET; Schema: public; Owner: postgres
--

SELECT pg_catalog.setval('public.biblija_starizavetknjige_id_seq', 40, true);


--
-- Name: biblija_starizavettext_id_seq; Type: SEQUENCE SET; Schema: public; Owner: postgres
--

SELECT pg_catalog.setval('public.biblija_starizavettext_id_seq', 21, true);


--
-- Name: blog_blogpost_id_seq; Type: SEQUENCE SET; Schema: public; Owner: postgres
--

SELECT pg_catalog.setval('public.blog_blogpost_id_seq', 26, true);


--
-- Name: blog_folder_id_seq; Type: SEQUENCE SET; Schema: public; Owner: postgres
--

SELECT pg_catalog.setval('public.blog_folder_id_seq', 4, true);


--
-- Name: blog_foldersluzbe_id_seq; Type: SEQUENCE SET; Schema: public; Owner: postgres
--

SELECT pg_catalog.setval('public.blog_foldersluzbe_id_seq', 11, true);


--
-- Name: blog_pojanjapost_id_seq; Type: SEQUENCE SET; Schema: public; Owner: postgres
--

SELECT pg_catalog.setval('public.blog_pojanjapost_id_seq', 20, true);


--
-- Name: django_admin_log_id_seq; Type: SEQUENCE SET; Schema: public; Owner: postgres
--

SELECT pg_catalog.setval('public.django_admin_log_id_seq', 853, true);


--
-- Name: django_content_type_id_seq; Type: SEQUENCE SET; Schema: public; Owner: postgres
--

SELECT pg_catalog.setval('public.django_content_type_id_seq', 24, true);


--
-- Name: django_migrations_id_seq; Type: SEQUENCE SET; Schema: public; Owner: postgres
--

SELECT pg_catalog.setval('public.django_migrations_id_seq', 82, true);


--
-- Name: knjige_knjiga_id_seq; Type: SEQUENCE SET; Schema: public; Owner: postgres
--

SELECT pg_catalog.setval('public.knjige_knjiga_id_seq', 2, true);


--
-- Name: mape_mesto_id_seq; Type: SEQUENCE SET; Schema: public; Owner: postgres
--

SELECT pg_catalog.setval('public.mape_mesto_id_seq', 14, true);


--
-- Name: pojanice_listapojanja_id_seq; Type: SEQUENCE SET; Schema: public; Owner: postgres
--

SELECT pg_catalog.setval('public.pojanice_listapojanja_id_seq', 2, true);


--
-- Name: pojanice_pojanica_id_seq; Type: SEQUENCE SET; Schema: public; Owner: postgres
--

SELECT pg_catalog.setval('public.pojanice_pojanica_id_seq', 5, true);


--
-- Name: pojanice_pojanje_id_seq; Type: SEQUENCE SET; Schema: public; Owner: postgres
--

SELECT pg_catalog.setval('public.pojanice_pojanje_id_seq', 3, true);


--
-- Name: pojanice_starapojanica_id_seq; Type: SEQUENCE SET; Schema: public; Owner: postgres
--

SELECT pg_catalog.setval('public.pojanice_starapojanica_id_seq', 2, true);


--
-- Name: pojanice_starapojanicafolder_id_seq; Type: SEQUENCE SET; Schema: public; Owner: postgres
--

SELECT pg_catalog.setval('public.pojanice_starapojanicafolder_id_seq', 3, true);


--
-- Name: searches_searchquery_id_seq; Type: SEQUENCE SET; Schema: public; Owner: postgres
--

SELECT pg_catalog.setval('public.searches_searchquery_id_seq', 2, true);


--
-- Name: auth_group auth_group_name_key; Type: CONSTRAINT; Schema: public; Owner: postgres
--

ALTER TABLE ONLY public.auth_group
    ADD CONSTRAINT auth_group_name_key UNIQUE (name);


--
-- Name: auth_group_permissions auth_group_permissions_group_id_permission_id_0cd325b0_uniq; Type: CONSTRAINT; Schema: public; Owner: postgres
--

ALTER TABLE ONLY public.auth_group_permissions
    ADD CONSTRAINT auth_group_permissions_group_id_permission_id_0cd325b0_uniq UNIQUE (group_id, permission_id);


--
-- Name: auth_group_permissions auth_group_permissions_pkey; Type: CONSTRAINT; Schema: public; Owner: postgres
--

ALTER TABLE ONLY public.auth_group_permissions
    ADD CONSTRAINT auth_group_permissions_pkey PRIMARY KEY (id);


--
-- Name: auth_group auth_group_pkey; Type: CONSTRAINT; Schema: public; Owner: postgres
--

ALTER TABLE ONLY public.auth_group
    ADD CONSTRAINT auth_group_pkey PRIMARY KEY (id);


--
-- Name: auth_permission auth_permission_content_type_id_codename_01ab375a_uniq; Type: CONSTRAINT; Schema: public; Owner: postgres
--

ALTER TABLE ONLY public.auth_permission
    ADD CONSTRAINT auth_permission_content_type_id_codename_01ab375a_uniq UNIQUE (content_type_id, codename);


--
-- Name: auth_permission auth_permission_pkey; Type: CONSTRAINT; Schema: public; Owner: postgres
--

ALTER TABLE ONLY public.auth_permission
    ADD CONSTRAINT auth_permission_pkey PRIMARY KEY (id);


--
-- Name: auth_user_groups auth_user_groups_pkey; Type: CONSTRAINT; Schema: public; Owner: postgres
--

ALTER TABLE ONLY public.auth_user_groups
    ADD CONSTRAINT auth_user_groups_pkey PRIMARY KEY (id);


--
-- Name: auth_user_groups auth_user_groups_user_id_group_id_94350c0c_uniq; Type: CONSTRAINT; Schema: public; Owner: postgres
--

ALTER TABLE ONLY public.auth_user_groups
    ADD CONSTRAINT auth_user_groups_user_id_group_id_94350c0c_uniq UNIQUE (user_id, group_id);


--
-- Name: auth_user auth_user_pkey; Type: CONSTRAINT; Schema: public; Owner: postgres
--

ALTER TABLE ONLY public.auth_user
    ADD CONSTRAINT auth_user_pkey PRIMARY KEY (id);


--
-- Name: auth_user_user_permissions auth_user_user_permissions_pkey; Type: CONSTRAINT; Schema: public; Owner: postgres
--

ALTER TABLE ONLY public.auth_user_user_permissions
    ADD CONSTRAINT auth_user_user_permissions_pkey PRIMARY KEY (id);


--
-- Name: auth_user_user_permissions auth_user_user_permissions_user_id_permission_id_14a6b632_uniq; Type: CONSTRAINT; Schema: public; Owner: postgres
--

ALTER TABLE ONLY public.auth_user_user_permissions
    ADD CONSTRAINT auth_user_user_permissions_user_id_permission_id_14a6b632_uniq UNIQUE (user_id, permission_id);


--
-- Name: auth_user auth_user_username_key; Type: CONSTRAINT; Schema: public; Owner: postgres
--

ALTER TABLE ONLY public.auth_user
    ADD CONSTRAINT auth_user_username_key UNIQUE (username);


--
-- Name: biblija_novizavetglave biblija_novizavetglave_pkey; Type: CONSTRAINT; Schema: public; Owner: postgres
--

ALTER TABLE ONLY public.biblija_novizavetglave
    ADD CONSTRAINT biblija_novizavetglave_pkey PRIMARY KEY (id);


--
-- Name: biblija_novizavetglave biblija_novizavetglave_slug_key; Type: CONSTRAINT; Schema: public; Owner: postgres
--

ALTER TABLE ONLY public.biblija_novizavetglave
    ADD CONSTRAINT biblija_novizavetglave_slug_key UNIQUE (slug);


--
-- Name: biblija_novizavetknjige biblija_novizavetknjige_pkey; Type: CONSTRAINT; Schema: public; Owner: postgres
--

ALTER TABLE ONLY public.biblija_novizavetknjige
    ADD CONSTRAINT biblija_novizavetknjige_pkey PRIMARY KEY (id);


--
-- Name: biblija_novizavetknjige biblija_novizavetknjige_slug_key; Type: CONSTRAINT; Schema: public; Owner: postgres
--

ALTER TABLE ONLY public.biblija_novizavetknjige
    ADD CONSTRAINT biblija_novizavetknjige_slug_key UNIQUE (slug);


--
-- Name: biblija_novizavettext biblija_novizavettext_pkey; Type: CONSTRAINT; Schema: public; Owner: postgres
--

ALTER TABLE ONLY public.biblija_novizavettext
    ADD CONSTRAINT biblija_novizavettext_pkey PRIMARY KEY (id);


--
-- Name: biblija_novizavettext biblija_novizavettext_slug_key; Type: CONSTRAINT; Schema: public; Owner: postgres
--

ALTER TABLE ONLY public.biblija_novizavettext
    ADD CONSTRAINT biblija_novizavettext_slug_key UNIQUE (slug);


--
-- Name: biblija_starizavetglave biblija_starizavetglave_pkey; Type: CONSTRAINT; Schema: public; Owner: postgres
--

ALTER TABLE ONLY public.biblija_starizavetglave
    ADD CONSTRAINT biblija_starizavetglave_pkey PRIMARY KEY (id);


--
-- Name: biblija_starizavetglave biblija_starizavetglave_slug_key; Type: CONSTRAINT; Schema: public; Owner: postgres
--

ALTER TABLE ONLY public.biblija_starizavetglave
    ADD CONSTRAINT biblija_starizavetglave_slug_key UNIQUE (slug);


--
-- Name: biblija_starizavetknjige biblija_starizavetknjige_pkey; Type: CONSTRAINT; Schema: public; Owner: postgres
--

ALTER TABLE ONLY public.biblija_starizavetknjige
    ADD CONSTRAINT biblija_starizavetknjige_pkey PRIMARY KEY (id);


--
-- Name: biblija_starizavetknjige biblija_starizavetknjige_slug_key; Type: CONSTRAINT; Schema: public; Owner: postgres
--

ALTER TABLE ONLY public.biblija_starizavetknjige
    ADD CONSTRAINT biblija_starizavetknjige_slug_key UNIQUE (slug);


--
-- Name: biblija_starizavettext biblija_starizavettext_pkey; Type: CONSTRAINT; Schema: public; Owner: postgres
--

ALTER TABLE ONLY public.biblija_starizavettext
    ADD CONSTRAINT biblija_starizavettext_pkey PRIMARY KEY (id);


--
-- Name: biblija_starizavettext biblija_starizavettext_slug_key; Type: CONSTRAINT; Schema: public; Owner: postgres
--

ALTER TABLE ONLY public.biblija_starizavettext
    ADD CONSTRAINT biblija_starizavettext_slug_key UNIQUE (slug);


--
-- Name: blog_sluzbapost blog_blogpost_pkey; Type: CONSTRAINT; Schema: public; Owner: postgres
--

ALTER TABLE ONLY public.blog_sluzbapost
    ADD CONSTRAINT blog_blogpost_pkey PRIMARY KEY (id);


--
-- Name: blog_sluzbapost blog_blogpost_slug_9e84ade1_uniq; Type: CONSTRAINT; Schema: public; Owner: postgres
--

ALTER TABLE ONLY public.blog_sluzbapost
    ADD CONSTRAINT blog_blogpost_slug_9e84ade1_uniq UNIQUE (slug);


--
-- Name: blog_folder blog_folder_pkey; Type: CONSTRAINT; Schema: public; Owner: postgres
--

ALTER TABLE ONLY public.blog_folder
    ADD CONSTRAINT blog_folder_pkey PRIMARY KEY (id);


--
-- Name: blog_folder blog_folder_slug_key; Type: CONSTRAINT; Schema: public; Owner: postgres
--

ALTER TABLE ONLY public.blog_folder
    ADD CONSTRAINT blog_folder_slug_key UNIQUE (slug);


--
-- Name: blog_foldersluzbe blog_foldersluzbe_pkey; Type: CONSTRAINT; Schema: public; Owner: postgres
--

ALTER TABLE ONLY public.blog_foldersluzbe
    ADD CONSTRAINT blog_foldersluzbe_pkey PRIMARY KEY (id);


--
-- Name: blog_foldersluzbe blog_foldersluzbe_slug_key; Type: CONSTRAINT; Schema: public; Owner: postgres
--

ALTER TABLE ONLY public.blog_foldersluzbe
    ADD CONSTRAINT blog_foldersluzbe_slug_key UNIQUE (slug);


--
-- Name: blog_pojanjapost blog_pojanjapost_pkey; Type: CONSTRAINT; Schema: public; Owner: postgres
--

ALTER TABLE ONLY public.blog_pojanjapost
    ADD CONSTRAINT blog_pojanjapost_pkey PRIMARY KEY (id);


--
-- Name: django_admin_log django_admin_log_pkey; Type: CONSTRAINT; Schema: public; Owner: postgres
--

ALTER TABLE ONLY public.django_admin_log
    ADD CONSTRAINT django_admin_log_pkey PRIMARY KEY (id);


--
-- Name: django_content_type django_content_type_app_label_model_76bd3d3b_uniq; Type: CONSTRAINT; Schema: public; Owner: postgres
--

ALTER TABLE ONLY public.django_content_type
    ADD CONSTRAINT django_content_type_app_label_model_76bd3d3b_uniq UNIQUE (app_label, model);


--
-- Name: django_content_type django_content_type_pkey; Type: CONSTRAINT; Schema: public; Owner: postgres
--

ALTER TABLE ONLY public.django_content_type
    ADD CONSTRAINT django_content_type_pkey PRIMARY KEY (id);


--
-- Name: django_migrations django_migrations_pkey; Type: CONSTRAINT; Schema: public; Owner: postgres
--

ALTER TABLE ONLY public.django_migrations
    ADD CONSTRAINT django_migrations_pkey PRIMARY KEY (id);


--
-- Name: django_session django_session_pkey; Type: CONSTRAINT; Schema: public; Owner: postgres
--

ALTER TABLE ONLY public.django_session
    ADD CONSTRAINT django_session_pkey PRIMARY KEY (session_key);


--
-- Name: knjige_knjiga knjige_knjiga_pkey; Type: CONSTRAINT; Schema: public; Owner: postgres
--

ALTER TABLE ONLY public.knjige_knjiga
    ADD CONSTRAINT knjige_knjiga_pkey PRIMARY KEY (id);


--
-- Name: knjige_knjiga knjige_knjiga_slug_key; Type: CONSTRAINT; Schema: public; Owner: postgres
--

ALTER TABLE ONLY public.knjige_knjiga
    ADD CONSTRAINT knjige_knjiga_slug_key UNIQUE (slug);


--
-- Name: mape_mesto mape_mesto_pkey; Type: CONSTRAINT; Schema: public; Owner: postgres
--

ALTER TABLE ONLY public.mape_mesto
    ADD CONSTRAINT mape_mesto_pkey PRIMARY KEY (id);


--
-- Name: pojanice_listapojanja pojanice_listapojanja_pkey; Type: CONSTRAINT; Schema: public; Owner: postgres
--

ALTER TABLE ONLY public.pojanice_listapojanja
    ADD CONSTRAINT pojanice_listapojanja_pkey PRIMARY KEY (id);


--
-- Name: pojanice_listapojanja pojanice_listapojanja_slug_key; Type: CONSTRAINT; Schema: public; Owner: postgres
--

ALTER TABLE ONLY public.pojanice_listapojanja
    ADD CONSTRAINT pojanice_listapojanja_slug_key UNIQUE (slug);


--
-- Name: pojanice_pojanica pojanice_pojanica_pkey; Type: CONSTRAINT; Schema: public; Owner: postgres
--

ALTER TABLE ONLY public.pojanice_pojanica
    ADD CONSTRAINT pojanice_pojanica_pkey PRIMARY KEY (id);


--
-- Name: pojanice_pojanica pojanice_pojanica_slug_key; Type: CONSTRAINT; Schema: public; Owner: postgres
--

ALTER TABLE ONLY public.pojanice_pojanica
    ADD CONSTRAINT pojanice_pojanica_slug_key UNIQUE (slug);


--
-- Name: pojanice_pojanje pojanice_pojanje_pkey; Type: CONSTRAINT; Schema: public; Owner: postgres
--

ALTER TABLE ONLY public.pojanice_pojanje
    ADD CONSTRAINT pojanice_pojanje_pkey PRIMARY KEY (id);


--
-- Name: pojanice_pojanje pojanice_pojanje_slug_key; Type: CONSTRAINT; Schema: public; Owner: postgres
--

ALTER TABLE ONLY public.pojanice_pojanje
    ADD CONSTRAINT pojanice_pojanje_slug_key UNIQUE (slug);


--
-- Name: pojanice_starapojanica pojanice_starapojanica_pkey; Type: CONSTRAINT; Schema: public; Owner: postgres
--

ALTER TABLE ONLY public.pojanice_starapojanica
    ADD CONSTRAINT pojanice_starapojanica_pkey PRIMARY KEY (id);


--
-- Name: pojanice_starapojanica pojanice_starapojanica_slug_key; Type: CONSTRAINT; Schema: public; Owner: postgres
--

ALTER TABLE ONLY public.pojanice_starapojanica
    ADD CONSTRAINT pojanice_starapojanica_slug_key UNIQUE (slug);


--
-- Name: pojanice_starapojanicafolder pojanice_starapojanicafolder_pkey; Type: CONSTRAINT; Schema: public; Owner: postgres
--

ALTER TABLE ONLY public.pojanice_starapojanicafolder
    ADD CONSTRAINT pojanice_starapojanicafolder_pkey PRIMARY KEY (id);


--
-- Name: pojanice_starapojanicafolder pojanice_starapojanicafolder_slug_key; Type: CONSTRAINT; Schema: public; Owner: postgres
--

ALTER TABLE ONLY public.pojanice_starapojanicafolder
    ADD CONSTRAINT pojanice_starapojanicafolder_slug_key UNIQUE (slug);


--
-- Name: searches_searchquery searches_searchquery_pkey; Type: CONSTRAINT; Schema: public; Owner: postgres
--

ALTER TABLE ONLY public.searches_searchquery
    ADD CONSTRAINT searches_searchquery_pkey PRIMARY KEY (id);


--
-- Name: auth_group_name_a6ea08ec_like; Type: INDEX; Schema: public; Owner: postgres
--

CREATE INDEX auth_group_name_a6ea08ec_like ON public.auth_group USING btree (name varchar_pattern_ops);


--
-- Name: auth_group_permissions_group_id_b120cbf9; Type: INDEX; Schema: public; Owner: postgres
--

CREATE INDEX auth_group_permissions_group_id_b120cbf9 ON public.auth_group_permissions USING btree (group_id);


--
-- Name: auth_group_permissions_permission_id_84c5c92e; Type: INDEX; Schema: public; Owner: postgres
--

CREATE INDEX auth_group_permissions_permission_id_84c5c92e ON public.auth_group_permissions USING btree (permission_id);


--
-- Name: auth_permission_content_type_id_2f476e4b; Type: INDEX; Schema: public; Owner: postgres
--

CREATE INDEX auth_permission_content_type_id_2f476e4b ON public.auth_permission USING btree (content_type_id);


--
-- Name: auth_user_groups_group_id_97559544; Type: INDEX; Schema: public; Owner: postgres
--

CREATE INDEX auth_user_groups_group_id_97559544 ON public.auth_user_groups USING btree (group_id);


--
-- Name: auth_user_groups_user_id_6a12ed8b; Type: INDEX; Schema: public; Owner: postgres
--

CREATE INDEX auth_user_groups_user_id_6a12ed8b ON public.auth_user_groups USING btree (user_id);


--
-- Name: auth_user_user_permissions_permission_id_1fbb5f2c; Type: INDEX; Schema: public; Owner: postgres
--

CREATE INDEX auth_user_user_permissions_permission_id_1fbb5f2c ON public.auth_user_user_permissions USING btree (permission_id);


--
-- Name: auth_user_user_permissions_user_id_a95ead1b; Type: INDEX; Schema: public; Owner: postgres
--

CREATE INDEX auth_user_user_permissions_user_id_a95ead1b ON public.auth_user_user_permissions USING btree (user_id);


--
-- Name: auth_user_username_6821ab7c_like; Type: INDEX; Schema: public; Owner: postgres
--

CREATE INDEX auth_user_username_6821ab7c_like ON public.auth_user USING btree (username varchar_pattern_ops);


--
-- Name: biblija_novizavetglave_knjiga_id_b0ccbccb; Type: INDEX; Schema: public; Owner: postgres
--

CREATE INDEX biblija_novizavetglave_knjiga_id_b0ccbccb ON public.biblija_novizavetglave USING btree (knjiga_id);


--
-- Name: biblija_novizavetglave_slug_bb979d62_like; Type: INDEX; Schema: public; Owner: postgres
--

CREATE INDEX biblija_novizavetglave_slug_bb979d62_like ON public.biblija_novizavetglave USING btree (slug varchar_pattern_ops);


--
-- Name: biblija_novizavetknjige_slug_8dda859a_like; Type: INDEX; Schema: public; Owner: postgres
--

CREATE INDEX biblija_novizavetknjige_slug_8dda859a_like ON public.biblija_novizavetknjige USING btree (slug varchar_pattern_ops);


--
-- Name: biblija_novizavettext_glava_id_cf924226; Type: INDEX; Schema: public; Owner: postgres
--

CREATE INDEX biblija_novizavettext_glava_id_cf924226 ON public.biblija_novizavettext USING btree (glava_id);


--
-- Name: biblija_novizavettext_slug_643f6aa6_like; Type: INDEX; Schema: public; Owner: postgres
--

CREATE INDEX biblija_novizavettext_slug_643f6aa6_like ON public.biblija_novizavettext USING btree (slug varchar_pattern_ops);


--
-- Name: biblija_starizavetglave_knjiga_id_293f333e; Type: INDEX; Schema: public; Owner: postgres
--

CREATE INDEX biblija_starizavetglave_knjiga_id_293f333e ON public.biblija_starizavetglave USING btree (knjiga_id);


--
-- Name: biblija_starizavetglave_slug_c176b289_like; Type: INDEX; Schema: public; Owner: postgres
--

CREATE INDEX biblija_starizavetglave_slug_c176b289_like ON public.biblija_starizavetglave USING btree (slug varchar_pattern_ops);


--
-- Name: biblija_starizavetknjige_slug_6caacce8_like; Type: INDEX; Schema: public; Owner: postgres
--

CREATE INDEX biblija_starizavetknjige_slug_6caacce8_like ON public.biblija_starizavetknjige USING btree (slug varchar_pattern_ops);


--
-- Name: biblija_starizavettext_glava_id_d4e2e44a; Type: INDEX; Schema: public; Owner: postgres
--

CREATE INDEX biblija_starizavettext_glava_id_d4e2e44a ON public.biblija_starizavettext USING btree (glava_id);


--
-- Name: biblija_starizavettext_slug_f086383f_like; Type: INDEX; Schema: public; Owner: postgres
--

CREATE INDEX biblija_starizavettext_slug_f086383f_like ON public.biblija_starizavettext USING btree (slug varchar_pattern_ops);


--
-- Name: blog_blogpost_folder_id_a3d94c89; Type: INDEX; Schema: public; Owner: postgres
--

CREATE INDEX blog_blogpost_folder_id_a3d94c89 ON public.blog_sluzbapost USING btree (folder_id);


--
-- Name: blog_blogpost_slug_9e84ade1_like; Type: INDEX; Schema: public; Owner: postgres
--

CREATE INDEX blog_blogpost_slug_9e84ade1_like ON public.blog_sluzbapost USING btree (slug varchar_pattern_ops);


--
-- Name: blog_blogpost_user_id_12ed6b16; Type: INDEX; Schema: public; Owner: postgres
--

CREATE INDEX blog_blogpost_user_id_12ed6b16 ON public.blog_sluzbapost USING btree (user_id);


--
-- Name: blog_folder_slug_93f95f1f_like; Type: INDEX; Schema: public; Owner: postgres
--

CREATE INDEX blog_folder_slug_93f95f1f_like ON public.blog_folder USING btree (slug varchar_pattern_ops);


--
-- Name: blog_foldersluzbe_slug_3458989b_like; Type: INDEX; Schema: public; Owner: postgres
--

CREATE INDEX blog_foldersluzbe_slug_3458989b_like ON public.blog_foldersluzbe USING btree (slug varchar_pattern_ops);


--
-- Name: blog_pojanjapost_folder_id_cbfc43cf; Type: INDEX; Schema: public; Owner: postgres
--

CREATE INDEX blog_pojanjapost_folder_id_cbfc43cf ON public.blog_pojanjapost USING btree (folder_id);


--
-- Name: blog_pojanjapost_user_id_d06a285d; Type: INDEX; Schema: public; Owner: postgres
--

CREATE INDEX blog_pojanjapost_user_id_d06a285d ON public.blog_pojanjapost USING btree (user_id);


--
-- Name: django_admin_log_content_type_id_c4bce8eb; Type: INDEX; Schema: public; Owner: postgres
--

CREATE INDEX django_admin_log_content_type_id_c4bce8eb ON public.django_admin_log USING btree (content_type_id);


--
-- Name: django_admin_log_user_id_c564eba6; Type: INDEX; Schema: public; Owner: postgres
--

CREATE INDEX django_admin_log_user_id_c564eba6 ON public.django_admin_log USING btree (user_id);


--
-- Name: django_session_expire_date_a5c62663; Type: INDEX; Schema: public; Owner: postgres
--

CREATE INDEX django_session_expire_date_a5c62663 ON public.django_session USING btree (expire_date);


--
-- Name: django_session_session_key_c0390e0f_like; Type: INDEX; Schema: public; Owner: postgres
--

CREATE INDEX django_session_session_key_c0390e0f_like ON public.django_session USING btree (session_key varchar_pattern_ops);


--
-- Name: knjige_knjiga_slug_aff7bd98_like; Type: INDEX; Schema: public; Owner: postgres
--

CREATE INDEX knjige_knjiga_slug_aff7bd98_like ON public.knjige_knjiga USING btree (slug varchar_pattern_ops);


--
-- Name: pojanice_listapojanja_folder_id_ddd1ee88; Type: INDEX; Schema: public; Owner: postgres
--

CREATE INDEX pojanice_listapojanja_folder_id_ddd1ee88 ON public.pojanice_listapojanja USING btree (folder_id);


--
-- Name: pojanice_listapojanja_slug_9e90e7b2_like; Type: INDEX; Schema: public; Owner: postgres
--

CREATE INDEX pojanice_listapojanja_slug_9e90e7b2_like ON public.pojanice_listapojanja USING btree (slug varchar_pattern_ops);


--
-- Name: pojanice_pojanica_slug_5e07b7c5_like; Type: INDEX; Schema: public; Owner: postgres
--

CREATE INDEX pojanice_pojanica_slug_5e07b7c5_like ON public.pojanice_pojanica USING btree (slug varchar_pattern_ops);


--
-- Name: pojanice_pojanje_pojanje_id_146cdb16; Type: INDEX; Schema: public; Owner: postgres
--

CREATE INDEX pojanice_pojanje_pojanje_id_146cdb16 ON public.pojanice_pojanje USING btree (pojanje_id);


--
-- Name: pojanice_pojanje_slug_62729952_like; Type: INDEX; Schema: public; Owner: postgres
--

CREATE INDEX pojanice_pojanje_slug_62729952_like ON public.pojanice_pojanje USING btree (slug varchar_pattern_ops);


--
-- Name: pojanice_starapojanica_pojanje_id_e0e50ec3; Type: INDEX; Schema: public; Owner: postgres
--

CREATE INDEX pojanice_starapojanica_pojanje_id_e0e50ec3 ON public.pojanice_starapojanica USING btree (pojanje_id);


--
-- Name: pojanice_starapojanica_slug_63f4f9b5_like; Type: INDEX; Schema: public; Owner: postgres
--

CREATE INDEX pojanice_starapojanica_slug_63f4f9b5_like ON public.pojanice_starapojanica USING btree (slug varchar_pattern_ops);


--
-- Name: pojanice_starapojanicafolder_slug_f8656126_like; Type: INDEX; Schema: public; Owner: postgres
--

CREATE INDEX pojanice_starapojanicafolder_slug_f8656126_like ON public.pojanice_starapojanicafolder USING btree (slug varchar_pattern_ops);


--
-- Name: searches_searchquery_user_id_5bdf4d1f; Type: INDEX; Schema: public; Owner: postgres
--

CREATE INDEX searches_searchquery_user_id_5bdf4d1f ON public.searches_searchquery USING btree (user_id);


--
-- Name: auth_group_permissions auth_group_permissio_permission_id_84c5c92e_fk_auth_perm; Type: FK CONSTRAINT; Schema: public; Owner: postgres
--

ALTER TABLE ONLY public.auth_group_permissions
    ADD CONSTRAINT auth_group_permissio_permission_id_84c5c92e_fk_auth_perm FOREIGN KEY (permission_id) REFERENCES public.auth_permission(id) DEFERRABLE INITIALLY DEFERRED;


--
-- Name: auth_group_permissions auth_group_permissions_group_id_b120cbf9_fk_auth_group_id; Type: FK CONSTRAINT; Schema: public; Owner: postgres
--

ALTER TABLE ONLY public.auth_group_permissions
    ADD CONSTRAINT auth_group_permissions_group_id_b120cbf9_fk_auth_group_id FOREIGN KEY (group_id) REFERENCES public.auth_group(id) DEFERRABLE INITIALLY DEFERRED;


--
-- Name: auth_permission auth_permission_content_type_id_2f476e4b_fk_django_co; Type: FK CONSTRAINT; Schema: public; Owner: postgres
--

ALTER TABLE ONLY public.auth_permission
    ADD CONSTRAINT auth_permission_content_type_id_2f476e4b_fk_django_co FOREIGN KEY (content_type_id) REFERENCES public.django_content_type(id) DEFERRABLE INITIALLY DEFERRED;


--
-- Name: auth_user_groups auth_user_groups_group_id_97559544_fk_auth_group_id; Type: FK CONSTRAINT; Schema: public; Owner: postgres
--

ALTER TABLE ONLY public.auth_user_groups
    ADD CONSTRAINT auth_user_groups_group_id_97559544_fk_auth_group_id FOREIGN KEY (group_id) REFERENCES public.auth_group(id) DEFERRABLE INITIALLY DEFERRED;


--
-- Name: auth_user_groups auth_user_groups_user_id_6a12ed8b_fk_auth_user_id; Type: FK CONSTRAINT; Schema: public; Owner: postgres
--

ALTER TABLE ONLY public.auth_user_groups
    ADD CONSTRAINT auth_user_groups_user_id_6a12ed8b_fk_auth_user_id FOREIGN KEY (user_id) REFERENCES public.auth_user(id) DEFERRABLE INITIALLY DEFERRED;


--
-- Name: auth_user_user_permissions auth_user_user_permi_permission_id_1fbb5f2c_fk_auth_perm; Type: FK CONSTRAINT; Schema: public; Owner: postgres
--

ALTER TABLE ONLY public.auth_user_user_permissions
    ADD CONSTRAINT auth_user_user_permi_permission_id_1fbb5f2c_fk_auth_perm FOREIGN KEY (permission_id) REFERENCES public.auth_permission(id) DEFERRABLE INITIALLY DEFERRED;


--
-- Name: auth_user_user_permissions auth_user_user_permissions_user_id_a95ead1b_fk_auth_user_id; Type: FK CONSTRAINT; Schema: public; Owner: postgres
--

ALTER TABLE ONLY public.auth_user_user_permissions
    ADD CONSTRAINT auth_user_user_permissions_user_id_a95ead1b_fk_auth_user_id FOREIGN KEY (user_id) REFERENCES public.auth_user(id) DEFERRABLE INITIALLY DEFERRED;


--
-- Name: biblija_novizavetglave biblija_novizavetgla_knjiga_id_b0ccbccb_fk_biblija_n; Type: FK CONSTRAINT; Schema: public; Owner: postgres
--

ALTER TABLE ONLY public.biblija_novizavetglave
    ADD CONSTRAINT biblija_novizavetgla_knjiga_id_b0ccbccb_fk_biblija_n FOREIGN KEY (knjiga_id) REFERENCES public.biblija_novizavetknjige(id) DEFERRABLE INITIALLY DEFERRED;


--
-- Name: biblija_novizavettext biblija_novizavettex_glava_id_cf924226_fk_biblija_n; Type: FK CONSTRAINT; Schema: public; Owner: postgres
--

ALTER TABLE ONLY public.biblija_novizavettext
    ADD CONSTRAINT biblija_novizavettex_glava_id_cf924226_fk_biblija_n FOREIGN KEY (glava_id) REFERENCES public.biblija_novizavetglave(id) DEFERRABLE INITIALLY DEFERRED;


--
-- Name: biblija_starizavetglave biblija_starizavetgl_knjiga_id_293f333e_fk_biblija_s; Type: FK CONSTRAINT; Schema: public; Owner: postgres
--

ALTER TABLE ONLY public.biblija_starizavetglave
    ADD CONSTRAINT biblija_starizavetgl_knjiga_id_293f333e_fk_biblija_s FOREIGN KEY (knjiga_id) REFERENCES public.biblija_starizavetknjige(id) DEFERRABLE INITIALLY DEFERRED;


--
-- Name: biblija_starizavettext biblija_starizavette_glava_id_d4e2e44a_fk_biblija_s; Type: FK CONSTRAINT; Schema: public; Owner: postgres
--

ALTER TABLE ONLY public.biblija_starizavettext
    ADD CONSTRAINT biblija_starizavette_glava_id_d4e2e44a_fk_biblija_s FOREIGN KEY (glava_id) REFERENCES public.biblija_starizavetglave(id) DEFERRABLE INITIALLY DEFERRED;


--
-- Name: blog_sluzbapost blog_blogpost_user_id_12ed6b16_fk_auth_user_id; Type: FK CONSTRAINT; Schema: public; Owner: postgres
--

ALTER TABLE ONLY public.blog_sluzbapost
    ADD CONSTRAINT blog_blogpost_user_id_12ed6b16_fk_auth_user_id FOREIGN KEY (user_id) REFERENCES public.auth_user(id) DEFERRABLE INITIALLY DEFERRED;


--
-- Name: blog_pojanjapost blog_pojanjapost_folder_id_cbfc43cf_fk; Type: FK CONSTRAINT; Schema: public; Owner: postgres
--

ALTER TABLE ONLY public.blog_pojanjapost
    ADD CONSTRAINT blog_pojanjapost_folder_id_cbfc43cf_fk FOREIGN KEY (folder_id) REFERENCES public.blog_folder(id) DEFERRABLE INITIALLY DEFERRED;


--
-- Name: blog_pojanjapost blog_pojanjapost_user_id_d06a285d_fk_auth_user_id; Type: FK CONSTRAINT; Schema: public; Owner: postgres
--

ALTER TABLE ONLY public.blog_pojanjapost
    ADD CONSTRAINT blog_pojanjapost_user_id_d06a285d_fk_auth_user_id FOREIGN KEY (user_id) REFERENCES public.auth_user(id) DEFERRABLE INITIALLY DEFERRED;


--
-- Name: blog_sluzbapost blog_sluzbapost_folder_id_4a9467e1_fk; Type: FK CONSTRAINT; Schema: public; Owner: postgres
--

ALTER TABLE ONLY public.blog_sluzbapost
    ADD CONSTRAINT blog_sluzbapost_folder_id_4a9467e1_fk FOREIGN KEY (folder_id) REFERENCES public.blog_foldersluzbe(id) DEFERRABLE INITIALLY DEFERRED;


--
-- Name: django_admin_log django_admin_log_content_type_id_c4bce8eb_fk_django_co; Type: FK CONSTRAINT; Schema: public; Owner: postgres
--

ALTER TABLE ONLY public.django_admin_log
    ADD CONSTRAINT django_admin_log_content_type_id_c4bce8eb_fk_django_co FOREIGN KEY (content_type_id) REFERENCES public.django_content_type(id) DEFERRABLE INITIALLY DEFERRED;


--
-- Name: django_admin_log django_admin_log_user_id_c564eba6_fk_auth_user_id; Type: FK CONSTRAINT; Schema: public; Owner: postgres
--

ALTER TABLE ONLY public.django_admin_log
    ADD CONSTRAINT django_admin_log_user_id_c564eba6_fk_auth_user_id FOREIGN KEY (user_id) REFERENCES public.auth_user(id) DEFERRABLE INITIALLY DEFERRED;


--
-- Name: pojanice_listapojanja pojanice_listapojanj_folder_id_ddd1ee88_fk_pojanice_; Type: FK CONSTRAINT; Schema: public; Owner: postgres
--

ALTER TABLE ONLY public.pojanice_listapojanja
    ADD CONSTRAINT pojanice_listapojanj_folder_id_ddd1ee88_fk_pojanice_ FOREIGN KEY (folder_id) REFERENCES public.pojanice_pojanica(id) DEFERRABLE INITIALLY DEFERRED;


--
-- Name: pojanice_pojanje pojanice_pojanje_pojanje_id_146cdb16_fk_pojanice_; Type: FK CONSTRAINT; Schema: public; Owner: postgres
--

ALTER TABLE ONLY public.pojanice_pojanje
    ADD CONSTRAINT pojanice_pojanje_pojanje_id_146cdb16_fk_pojanice_ FOREIGN KEY (pojanje_id) REFERENCES public.pojanice_listapojanja(id) DEFERRABLE INITIALLY DEFERRED;


--
-- Name: pojanice_starapojanica pojanice_starapojani_pojanje_id_e0e50ec3_fk_pojanice_; Type: FK CONSTRAINT; Schema: public; Owner: postgres
--

ALTER TABLE ONLY public.pojanice_starapojanica
    ADD CONSTRAINT pojanice_starapojani_pojanje_id_e0e50ec3_fk_pojanice_ FOREIGN KEY (pojanje_id) REFERENCES public.pojanice_starapojanicafolder(id) DEFERRABLE INITIALLY DEFERRED;


--
-- Name: searches_searchquery searches_searchquery_user_id_5bdf4d1f_fk_auth_user_id; Type: FK CONSTRAINT; Schema: public; Owner: postgres
--

ALTER TABLE ONLY public.searches_searchquery
    ADD CONSTRAINT searches_searchquery_user_id_5bdf4d1f_fk_auth_user_id FOREIGN KEY (user_id) REFERENCES public.auth_user(id) DEFERRABLE INITIALLY DEFERRED;


--
-- PostgreSQL database dump complete
--

